Date,Open,High,Low,Close,Adj Close,Volume
2018-12-03,0.110000,0.110000,0.110000,0.110000,0.110000,100
2018-12-04,0.110000,0.110000,0.110000,0.110000,0.110000,0
2018-12-06,0.110000,0.110000,0.110000,0.110000,0.110000,1000
2018-12-07,0.110000,0.110000,0.110000,0.110000,0.110000,0
2018-12-10,0.090000,0.090000,0.070000,0.080000,0.080000,38300
2018-12-11,0.070000,0.100000,0.070000,0.100000,0.100000,1200
2018-12-12,0.080000,0.080000,0.080000,0.080000,0.080000,15000
2018-12-13,0.080000,0.100000,0.080000,0.100000,0.100000,1500
2018-12-14,0.100000,0.100000,0.100000,0.100000,0.100000,100
2018-12-17,0.100000,0.100000,0.100000,0.100000,0.100000,0
2018-12-18,0.100000,0.100000,0.100000,0.100000,0.100000,0
2018-12-19,0.100000,0.100000,0.100000,0.100000,0.100000,0
2018-12-20,0.100000,0.100000,0.100000,0.100000,0.100000,0
2018-12-21,0.100000,0.100000,0.100000,0.100000,0.100000,0
2018-12-24,0.100000,0.100000,0.100000,0.100000,0.100000,0
2018-12-26,0.070000,0.100000,0.070000,0.100000,0.100000,2200
2018-12-27,0.070000,0.070000,0.070000,0.070000,0.070000,1600
2018-12-28,0.070000,0.070000,0.070000,0.070000,0.070000,0
2018-12-31,0.070000,0.090000,0.070000,0.090000,0.090000,600
2019-01-02,0.090000,0.090000,0.090000,0.090000,0.090000,100
2019-01-03,0.090000,0.090000,0.090000,0.090000,0.090000,0
2019-01-04,0.090000,0.090000,0.090000,0.090000,0.090000,0
2019-01-07,0.090000,0.090000,0.090000,0.090000,0.090000,0
2019-01-08,0.070000,0.090000,0.060000,0.060000,0.060000,86600
2019-01-09,0.100000,0.100000,0.100000,0.100000,0.100000,200
2019-01-10,0.100000,0.100000,0.050000,0.100000,0.100000,1580100
2019-01-11,0.100000,0.100000,0.100000,0.100000,0.100000,0
2019-01-14,0.100000,0.100000,0.100000,0.100000,0.100000,0
2019-01-15,0.100000,0.100000,0.100000,0.100000,0.100000,0
2019-01-16,0.100000,0.100000,0.100000,0.100000,0.100000,0
2019-01-17,0.100000,0.100000,0.100000,0.100000,0.100000,0
2019-01-18,0.090000,0.100000,0.090000,0.100000,0.100000,100100
2019-01-22,0.060000,0.100000,0.060000,0.100000,0.100000,1100
2019-01-23,0.080000,0.090000,0.080000,0.090000,0.090000,15100
2019-01-24,0.070000,0.100000,0.070000,0.100000,0.100000,23800
2019-01-25,0.080000,0.080000,0.080000,0.080000,0.080000,22400
2019-01-28,0.070000,0.080000,0.070000,0.080000,0.080000,500
2019-01-29,0.080000,0.080000,0.080000,0.080000,0.080000,0
2019-01-30,0.080000,0.080000,0.080000,0.080000,0.080000,0
2019-01-31,0.080000,0.100000,0.080000,0.100000,0.100000,40700
2019-02-01,0.080000,0.080000,0.080000,0.080000,0.080000,273000
2019-02-04,0.080000,0.080000,0.080000,0.080000,0.080000,0
2019-02-05,0.080000,0.080000,0.080000,0.080000,0.080000,0
2019-02-06,0.090000,0.100000,0.090000,0.100000,0.100000,30000
2019-02-07,0.090000,0.100000,0.090000,0.090000,0.090000,55100
2019-02-08,0.090000,0.100000,0.090000,0.100000,0.100000,59800
2019-02-11,0.100000,0.100000,0.100000,0.100000,0.100000,9900
2019-02-12,0.100000,0.100000,0.100000,0.100000,0.100000,50600
2019-02-13,0.110000,0.110000,0.110000,0.110000,0.110000,26500
2019-02-14,0.110000,0.120000,0.110000,0.120000,0.120000,42100
2019-02-15,0.120000,0.130000,0.120000,0.130000,0.130000,32000
2019-02-19,0.130000,0.130000,0.090000,0.130000,0.130000,52800
2019-02-20,0.130000,0.130000,0.130000,0.130000,0.130000,0
2019-02-21,0.100000,0.110000,0.100000,0.110000,0.110000,24000
2019-02-22,0.110000,0.110000,0.110000,0.110000,0.110000,29900
2019-02-25,0.110000,0.130000,0.110000,0.130000,0.130000,68000
2019-02-26,0.130000,0.140000,0.130000,0.140000,0.140000,14300
2019-02-27,0.140000,0.140000,0.130000,0.130000,0.130000,32800
2019-02-28,0.130000,0.130000,0.100000,0.130000,0.130000,33200
2019-03-01,0.130000,0.130000,0.130000,0.130000,0.130000,0
2019-03-04,0.120000,0.130000,0.110000,0.130000,0.130000,15100
2019-03-05,0.130000,0.140000,0.130000,0.140000,0.140000,75500
2019-03-06,0.140000,0.140000,0.140000,0.140000,0.140000,0
2019-03-07,0.140000,0.140000,0.140000,0.140000,0.140000,100
2019-03-08,0.140000,0.150000,0.110000,0.110000,0.110000,84700
2019-03-11,0.110000,0.120000,0.110000,0.120000,0.120000,28600
2019-03-12,0.110000,0.120000,0.100000,0.100000,0.100000,12200
2019-03-13,0.100000,0.100000,0.100000,0.100000,0.100000,0
2019-03-14,0.100000,0.120000,0.090000,0.120000,0.120000,13300
2019-03-15,0.100000,0.110000,0.100000,0.110000,0.110000,15100
2019-03-18,0.110000,0.110000,0.110000,0.110000,0.110000,0
2019-03-19,0.110000,0.110000,0.110000,0.110000,0.110000,0
2019-03-20,0.120000,0.120000,0.120000,0.120000,0.120000,300
2019-03-21,0.120000,0.120000,0.120000,0.120000,0.120000,100
2019-03-22,0.120000,0.120000,0.120000,0.120000,0.120000,0
2019-03-25,0.120000,0.120000,0.120000,0.120000,0.120000,168200
2019-03-26,0.120000,0.130000,0.120000,0.120000,0.120000,91900
2019-03-27,0.110000,0.110000,0.110000,0.110000,0.110000,2000
2019-03-28,0.110000,0.110000,0.110000,0.110000,0.110000,100
2019-03-29,0.130000,0.140000,0.130000,0.140000,0.140000,63200
2019-04-01,0.140000,0.140000,0.140000,0.140000,0.140000,8000
2019-04-02,0.120000,0.140000,0.120000,0.130000,0.130000,7000
2019-04-03,0.130000,0.130000,0.130000,0.130000,0.130000,0
2019-04-04,0.140000,0.150000,0.130000,0.140000,0.140000,180000
2019-04-05,0.140000,0.140000,0.140000,0.140000,0.140000,823600
2019-04-08,0.140000,0.140000,0.140000,0.140000,0.140000,16100
2019-04-09,0.140000,0.140000,0.140000,0.140000,0.140000,1200
2019-04-10,0.140000,0.140000,0.140000,0.140000,0.140000,11800
2019-04-11,0.140000,0.140000,0.140000,0.140000,0.140000,20000
2019-04-12,0.140000,0.140000,0.140000,0.140000,0.140000,10000
2019-04-15,0.140000,0.140000,0.090000,0.140000,0.140000,59100
2019-04-16,0.140000,0.140000,0.140000,0.140000,0.140000,0
2019-04-17,0.140000,0.140000,0.140000,0.140000,0.140000,0
2019-04-18,0.140000,0.140000,0.140000,0.140000,0.140000,0
2019-04-22,0.120000,0.160000,0.120000,0.160000,0.160000,642700
2019-04-23,0.160000,0.160000,0.160000,0.160000,0.160000,6000
2019-04-24,0.150000,0.150000,0.150000,0.150000,0.150000,145000
2019-04-25,0.150000,0.150000,0.150000,0.150000,0.150000,0
2019-04-26,0.150000,0.150000,0.150000,0.150000,0.150000,0
2019-04-29,0.150000,0.160000,0.150000,0.160000,0.160000,102500
2019-04-30,0.160000,0.170000,0.160000,0.160000,0.160000,136700
2019-05-01,0.170000,0.170000,0.160000,0.170000,0.170000,38500
2019-05-02,0.160000,0.170000,0.160000,0.170000,0.170000,63300
2019-05-03,0.160000,0.170000,0.160000,0.170000,0.170000,25400
2019-05-06,0.180000,0.180000,0.170000,0.170000,0.170000,110500
2019-05-07,0.160000,0.170000,0.160000,0.170000,0.170000,26000
2019-05-08,0.170000,0.170000,0.170000,0.170000,0.170000,0
2019-05-09,0.170000,0.170000,0.170000,0.170000,0.170000,0
2019-05-10,0.160000,0.180000,0.160000,0.180000,0.180000,11000
2019-05-13,0.180000,0.180000,0.170000,0.170000,0.170000,6700
2019-05-14,0.170000,0.170000,0.160000,0.170000,0.170000,14100
2019-05-15,0.160000,0.170000,0.150000,0.150000,0.150000,128900
2019-05-16,0.150000,0.170000,0.150000,0.170000,0.170000,20000
2019-05-17,0.170000,0.170000,0.150000,0.170000,0.170000,28300
2019-05-20,0.170000,0.170000,0.150000,0.150000,0.150000,2400
2019-05-21,0.180000,0.180000,0.170000,0.170000,0.170000,3500
2019-05-22,0.170000,0.170000,0.170000,0.170000,0.170000,28000
2019-05-23,0.170000,0.170000,0.170000,0.170000,0.170000,0
2019-05-24,0.170000,0.170000,0.170000,0.170000,0.170000,5000
2019-05-28,0.160000,0.160000,0.160000,0.160000,0.160000,87000
2019-05-29,0.160000,0.160000,0.160000,0.160000,0.160000,42700
2019-05-30,0.160000,0.160000,0.160000,0.160000,0.160000,0
2019-05-31,0.160000,0.160000,0.160000,0.160000,0.160000,1200
2019-06-03,0.150000,0.160000,0.150000,0.160000,0.160000,27600
2019-06-04,0.140000,0.140000,0.140000,0.140000,0.140000,74500
2019-06-05,0.140000,0.140000,0.140000,0.140000,0.140000,0
2019-06-06,0.140000,0.140000,0.140000,0.140000,0.140000,40000
2019-06-07,0.140000,0.140000,0.140000,0.140000,0.140000,30000
2019-06-10,0.140000,0.140000,0.140000,0.140000,0.140000,0
2019-06-11,0.140000,0.140000,0.130000,0.140000,0.140000,69900
2019-06-12,0.130000,0.160000,0.130000,0.160000,0.160000,153700
2019-06-13,0.150000,0.150000,0.150000,0.150000,0.150000,20500
2019-06-14,0.150000,0.150000,0.150000,0.150000,0.150000,29500
2019-06-17,0.150000,0.150000,0.150000,0.150000,0.150000,0
2019-06-18,0.150000,0.150000,0.150000,0.150000,0.150000,0
2019-06-19,0.150000,0.150000,0.150000,0.150000,0.150000,0
2019-06-20,0.150000,0.150000,0.150000,0.150000,0.150000,25000
2019-06-21,0.150000,0.150000,0.150000,0.150000,0.150000,36700
2019-06-24,0.150000,0.150000,0.150000,0.150000,0.150000,6000
2019-06-25,0.150000,0.150000,0.150000,0.150000,0.150000,3000
2019-06-26,0.150000,0.160000,0.150000,0.150000,0.150000,10000
2019-06-27,0.150000,0.150000,0.150000,0.150000,0.150000,0
2019-06-28,0.150000,0.150000,0.150000,0.150000,0.150000,100
2019-07-01,0.150000,0.150000,0.150000,0.150000,0.150000,0
2019-07-02,0.150000,0.160000,0.150000,0.160000,0.160000,43400
2019-07-03,0.160000,0.160000,0.160000,0.160000,0.160000,40300
2019-07-05,0.160000,0.170000,0.160000,0.160000,0.160000,78200
2019-07-08,0.160000,0.160000,0.160000,0.160000,0.160000,27500
2019-07-09,0.160000,0.170000,0.150000,0.170000,0.170000,65800
2019-07-10,0.170000,0.180000,0.160000,0.170000,0.170000,28900
2019-07-11,0.150000,0.150000,0.150000,0.150000,0.150000,4000
2019-07-12,0.150000,0.150000,0.150000,0.150000,0.150000,0
2019-07-15,0.180000,0.210000,0.180000,0.210000,0.210000,195900
2019-07-16,0.190000,0.200000,0.180000,0.200000,0.200000,34100
2019-07-17,0.180000,0.210000,0.180000,0.200000,0.200000,189100
2019-07-18,0.180000,0.200000,0.180000,0.200000,0.200000,13600
2019-07-19,0.200000,0.210000,0.190000,0.190000,0.190000,118600
2019-07-22,0.200000,0.240000,0.200000,0.210000,0.210000,116500
2019-07-23,0.230000,0.230000,0.210000,0.220000,0.220000,24400
2019-07-24,0.220000,0.220000,0.200000,0.220000,0.220000,21500
2019-07-25,0.200000,0.220000,0.200000,0.220000,0.220000,10500
2019-07-26,0.240000,0.240000,0.200000,0.220000,0.220000,36900
2019-07-29,0.210000,0.210000,0.210000,0.210000,0.210000,60300
2019-07-30,0.210000,0.210000,0.200000,0.200000,0.200000,12500
2019-07-31,0.210000,0.210000,0.200000,0.200000,0.200000,12500
2019-08-01,0.200000,0.200000,0.200000,0.200000,0.200000,22400
2019-08-02,0.200000,0.200000,0.200000,0.200000,0.200000,52500
2019-08-05,0.190000,0.200000,0.180000,0.200000,0.200000,90200
2019-08-06,0.190000,0.190000,0.170000,0.180000,0.180000,56200
2019-08-07,0.190000,0.190000,0.170000,0.180000,0.180000,56200
2019-08-08,0.170000,0.180000,0.170000,0.180000,0.180000,10200
2019-08-09,0.170000,0.180000,0.170000,0.180000,0.180000,10200
2019-08-12,0.170000,0.180000,0.170000,0.180000,0.180000,10200
2019-08-13,0.190000,0.230000,0.190000,0.210000,0.210000,250700
2019-08-14,0.210000,0.210000,0.180000,0.190000,0.190000,166800
2019-08-15,0.210000,0.210000,0.180000,0.190000,0.190000,18800
2019-08-16,0.190000,0.190000,0.190000,0.190000,0.190000,0
2019-08-19,0.190000,0.190000,0.190000,0.190000,0.190000,0
2019-08-20,0.190000,0.190000,0.190000,0.190000,0.190000,5000
2019-08-21,0.190000,0.200000,0.190000,0.190000,0.190000,20900
2019-08-22,0.190000,0.220000,0.180000,0.200000,0.200000,156500
2019-08-23,0.200000,0.200000,0.200000,0.200000,0.200000,0
2019-08-26,0.200000,0.200000,0.200000,0.200000,0.200000,0
2019-08-27,0.200000,0.200000,0.190000,0.200000,0.200000,28200
2019-08-28,0.190000,0.200000,0.180000,0.200000,0.200000,2500
2019-08-29,0.200000,0.200000,0.200000,0.200000,0.200000,0
2019-08-30,0.200000,0.200000,0.200000,0.200000,0.200000,0
2019-09-03,0.230000,0.230000,0.210000,0.220000,0.220000,31200
2019-09-04,0.190000,0.230000,0.180000,0.220000,0.220000,13200
2019-09-05,0.180000,0.210000,0.180000,0.210000,0.210000,8200
2019-09-06,0.210000,0.210000,0.210000,0.210000,0.210000,0
2019-09-09,0.210000,0.210000,0.210000,0.210000,0.210000,0
2019-09-10,0.210000,0.210000,0.210000,0.210000,0.210000,0
2019-09-11,0.210000,0.210000,0.210000,0.210000,0.210000,0
2019-09-12,0.200000,0.220000,0.200000,0.220000,0.220000,26400
2019-09-13,0.220000,0.220000,0.220000,0.220000,0.220000,1000
2019-09-16,0.210000,0.210000,0.200000,0.210000,0.210000,1300
2019-09-17,0.210000,0.210000,0.210000,0.210000,0.210000,0
2019-09-18,0.210000,0.210000,0.190000,0.210000,0.210000,52300
2019-09-19,0.190000,0.210000,0.190000,0.210000,0.210000,6100
2019-09-20,0.190000,0.210000,0.190000,0.210000,0.210000,33900
2019-09-23,0.210000,0.210000,0.210000,0.210000,0.210000,0
2019-09-24,0.210000,0.210000,0.190000,0.190000,0.190000,56800
2019-09-25,0.190000,0.200000,0.190000,0.190000,0.190000,7200
2019-09-26,0.190000,0.210000,0.180000,0.200000,0.200000,66500
2019-09-27,0.210000,0.210000,0.210000,0.210000,0.210000,500
2019-09-30,0.210000,0.210000,0.180000,0.200000,0.200000,16500
2019-10-01,0.180000,0.200000,0.180000,0.200000,0.200000,5200
2019-10-02,0.210000,0.210000,0.210000,0.210000,0.210000,200
2019-10-03,0.200000,0.210000,0.190000,0.210000,0.210000,59300
2019-10-04,0.210000,0.210000,0.180000,0.190000,0.190000,106200
2019-10-07,0.190000,0.190000,0.180000,0.190000,0.190000,92700
2019-10-08,0.180000,0.190000,0.170000,0.190000,0.190000,87400
2019-10-09,0.190000,0.190000,0.180000,0.190000,0.190000,75700
2019-10-10,0.190000,0.190000,0.190000,0.190000,0.190000,0
2019-10-11,0.190000,0.190000,0.190000,0.190000,0.190000,0
2019-10-14,0.190000,0.190000,0.190000,0.190000,0.190000,0
2019-10-15,0.190000,0.190000,0.190000,0.190000,0.190000,26000
2019-10-16,0.190000,0.190000,0.180000,0.180000,0.180000,4200
2019-10-17,0.190000,0.190000,0.190000,0.190000,0.190000,25300
2019-10-18,0.190000,0.190000,0.190000,0.190000,0.190000,0
2019-10-21,0.190000,0.190000,0.190000,0.190000,0.190000,0
2019-10-22,0.190000,0.200000,0.190000,0.200000,0.200000,42200
2019-10-23,0.190000,0.200000,0.190000,0.200000,0.200000,10500
2019-10-24,0.190000,0.200000,0.190000,0.190000,0.190000,25100
2019-10-25,0.180000,0.190000,0.170000,0.190000,0.190000,37700
2019-10-28,0.190000,0.190000,0.190000,0.190000,0.190000,0
2019-10-29,0.190000,0.190000,0.190000,0.190000,0.190000,0
2019-10-30,0.190000,0.190000,0.190000,0.190000,0.190000,0
2019-10-31,0.180000,0.190000,0.180000,0.180000,0.180000,59500
2019-11-01,0.180000,0.180000,0.180000,0.180000,0.180000,400
2019-11-04,0.180000,0.190000,0.180000,0.190000,0.190000,46400
2019-11-05,0.190000,0.200000,0.190000,0.200000,0.200000,23000
2019-11-06,0.200000,0.200000,0.190000,0.200000,0.200000,82000
2019-11-07,0.200000,0.200000,0.200000,0.200000,0.200000,5000
2019-11-08,0.200000,0.200000,0.190000,0.200000,0.200000,46600
2019-11-11,0.190000,0.200000,0.190000,0.200000,0.200000,45400
2019-11-12,0.200000,0.200000,0.180000,0.190000,0.190000,21700
2019-11-13,0.180000,0.180000,0.160000,0.170000,0.170000,252600
2019-11-14,0.180000,0.180000,0.170000,0.170000,0.170000,43100
2019-11-15,0.190000,0.190000,0.160000,0.190000,0.190000,66200
2019-11-18,0.180000,0.190000,0.180000,0.190000,0.190000,2200
2019-11-19,0.170000,0.190000,0.170000,0.190000,0.190000,12400
2019-11-20,0.190000,0.190000,0.190000,0.190000,0.190000,1000
2019-11-21,0.190000,0.190000,0.190000,0.190000,0.190000,17900
2019-11-22,0.200000,0.200000,0.200000,0.200000,0.200000,1000
2019-11-25,0.200000,0.200000,0.200000,0.200000,0.200000,0
2019-11-26,0.180000,0.200000,0.180000,0.200000,0.200000,3000
2019-11-27,0.200000,0.200000,0.200000,0.200000,0.200000,0
2019-11-29,0.200000,0.200000,0.200000,0.200000,0.200000,0
2019-12-02,0.190000,0.200000,0.190000,0.200000,0.200000,63000
2019-12-03,0.180000,0.180000,0.180000,0.180000,0.180000,63000
2019-12-04,0.180000,0.190000,0.160000,0.160000,0.160000,95000
2019-12-05,0.200000,0.200000,0.160000,0.160000,0.160000,10900
2019-12-06,0.160000,0.160000,0.160000,0.160000,0.160000,100
2019-12-09,0.160000,0.170000,0.160000,0.170000,0.170000,1600
2019-12-10,0.170000,0.170000,0.170000,0.170000,0.170000,0
2019-12-11,0.170000,0.170000,0.170000,0.170000,0.170000,0
2019-12-12,0.180000,0.180000,0.180000,0.180000,0.180000,10000
2019-12-13,0.180000,0.180000,0.180000,0.180000,0.180000,10000
2019-12-16,0.180000,0.180000,0.160000,0.160000,0.160000,200700
2019-12-17,0.160000,0.160000,0.160000,0.160000,0.160000,0
2019-12-18,0.160000,0.160000,0.160000,0.160000,0.160000,0
2019-12-19,0.160000,0.160000,0.160000,0.160000,0.160000,4000
2019-12-20,0.170000,0.170000,0.170000,0.170000,0.170000,50000
2019-12-23,0.170000,0.170000,0.170000,0.170000,0.170000,0
2019-12-24,0.170000,0.170000,0.170000,0.170000,0.170000,0
2019-12-26,0.170000,0.170000,0.170000,0.170000,0.170000,0
2019-12-27,0.170000,0.170000,0.170000,0.170000,0.170000,0
2019-12-30,0.170000,0.170000,0.170000,0.170000,0.170000,0
2019-12-31,0.170000,0.170000,0.170000,0.170000,0.170000,30400
2020-01-02,0.170000,0.170000,0.170000,0.170000,0.170000,14100
2020-01-03,0.170000,0.170000,0.170000,0.170000,0.170000,45100
2020-01-06,0.170000,0.170000,0.170000,0.170000,0.170000,16000
2020-01-07,0.170000,0.170000,0.140000,0.170000,0.170000,2900
2020-01-08,0.160000,0.170000,0.150000,0.170000,0.170000,11100
2020-01-09,0.140000,0.170000,0.140000,0.170000,0.170000,1600
2020-01-10,0.170000,0.170000,0.150000,0.150000,0.150000,19900
2020-01-13,0.150000,0.150000,0.150000,0.150000,0.150000,0
2020-01-14,0.160000,0.160000,0.160000,0.160000,0.160000,16300
2020-01-15,0.140000,0.160000,0.140000,0.160000,0.160000,48000
2020-01-16,0.160000,0.170000,0.160000,0.170000,0.170000,31300
2020-01-17,0.170000,0.170000,0.170000,0.170000,0.170000,109700
2020-01-21,0.160000,0.160000,0.140000,0.150000,0.150000,216400
2020-01-22,0.160000,0.160000,0.160000,0.160000,0.160000,2000
2020-01-23,0.150000,0.160000,0.150000,0.160000,0.160000,87200
2020-01-24,0.160000,0.160000,0.150000,0.150000,0.150000,25000
2020-01-27,0.150000,0.150000,0.150000,0.150000,0.150000,0
2020-01-28,0.150000,0.160000,0.120000,0.150000,0.150000,155500
2020-01-29,0.160000,0.160000,0.160000,0.160000,0.160000,56000
2020-01-30,0.160000,0.160000,0.160000,0.160000,0.160000,0
2020-01-31,0.160000,0.160000,0.160000,0.160000,0.160000,30900
2020-02-03,0.150000,0.170000,0.150000,0.160000,0.160000,38700
2020-02-04,0.160000,0.160000,0.160000,0.160000,0.160000,0
2020-02-05,0.160000,0.160000,0.160000,0.160000,0.160000,10000
2020-02-06,0.160000,0.160000,0.150000,0.150000,0.150000,108700
2020-02-07,0.160000,0.160000,0.160000,0.160000,0.160000,38000
2020-02-10,0.160000,0.160000,0.160000,0.160000,0.160000,300
2020-02-11,0.150000,0.160000,0.150000,0.160000,0.160000,21300
2020-02-12,0.150000,0.170000,0.100000,0.150000,0.150000,250800
2020-02-13,0.150000,0.150000,0.150000,0.150000,0.150000,0
2020-02-14,0.150000,0.150000,0.150000,0.150000,0.150000,20000
2020-02-18,0.150000,0.150000,0.150000,0.150000,0.150000,39800
2020-02-19,0.150000,0.150000,0.150000,0.150000,0.150000,75000
2020-02-20,0.150000,0.150000,0.140000,0.150000,0.150000,53600
2020-02-21,0.140000,0.150000,0.140000,0.140000,0.140000,10100
2020-02-24,0.140000,0.140000,0.140000,0.140000,0.140000,0
2020-02-25,0.140000,0.160000,0.140000,0.160000,0.160000,273000
2020-02-26,0.160000,0.160000,0.150000,0.150000,0.150000,7500
2020-02-27,0.160000,0.160000,0.160000,0.160000,0.160000,3300
2020-02-28,0.150000,0.160000,0.150000,0.160000,0.160000,11800
2020-03-02,0.150000,0.160000,0.150000,0.160000,0.160000,2700
2020-03-03,0.160000,0.160000,0.160000,0.160000,0.160000,0
2020-03-04,0.160000,0.160000,0.160000,0.160000,0.160000,0
2020-03-05,0.140000,0.140000,0.140000,0.140000,0.140000,100
2020-03-06,0.140000,0.140000,0.140000,0.140000,0.140000,17000
2020-03-09,0.160000,0.160000,0.130000,0.130000,0.130000,14000
2020-03-10,0.160000,0.160000,0.160000,0.160000,0.160000,2000
2020-03-11,0.160000,0.160000,0.160000,0.160000,0.160000,0
2020-03-12,0.140000,0.140000,0.130000,0.130000,0.130000,32800
2020-03-13,0.130000,0.130000,0.120000,0.120000,0.120000,88500
2020-03-16,0.120000,0.120000,0.120000,0.120000,0.120000,0
2020-03-17,0.130000,0.130000,0.110000,0.110000,0.110000,73100
2020-03-18,0.110000,0.110000,0.100000,0.100000,0.100000,129500
2020-03-19,0.100000,0.150000,0.070000,0.150000,0.150000,81300
2020-03-20,0.100000,0.100000,0.100000,0.100000,0.100000,10000
2020-03-23,0.110000,0.130000,0.090000,0.090000,0.090000,266300
2020-03-24,0.090000,0.090000,0.080000,0.090000,0.090000,293700
2020-03-25,0.080000,0.120000,0.080000,0.120000,0.120000,124100
2020-03-26,0.120000,0.120000,0.120000,0.120000,0.120000,0
2020-03-27,0.100000,0.110000,0.100000,0.110000,0.110000,32800
2020-03-30,0.110000,0.110000,0.090000,0.090000,0.090000,53600
2020-03-31,0.100000,0.100000,0.090000,0.100000,0.100000,92800
2020-04-01,0.100000,0.100000,0.080000,0.090000,0.090000,32000
2020-04-02,0.080000,0.090000,0.080000,0.090000,0.090000,16000
2020-04-03,0.090000,0.090000,0.090000,0.090000,0.090000,0
2020-04-06,0.100000,0.130000,0.100000,0.100000,0.100000,24800
2020-04-07,0.100000,0.110000,0.090000,0.110000,0.110000,36400
2020-04-08,0.110000,0.110000,0.110000,0.110000,0.110000,0
2020-04-09,0.110000,0.110000,0.100000,0.110000,0.110000,6700
2020-04-13,0.110000,0.110000,0.110000,0.110000,0.110000,0
2020-04-14,0.100000,0.110000,0.100000,0.110000,0.110000,8700
2020-04-15,0.110000,0.110000,0.110000,0.110000,0.110000,0
2020-04-16,0.110000,0.110000,0.110000,0.110000,0.110000,0
2020-04-17,0.110000,0.110000,0.090000,0.100000,0.100000,11900
2020-04-20,0.100000,0.100000,0.100000,0.100000,0.100000,0
2020-04-21,0.100000,0.100000,0.100000,0.100000,0.100000,0
2020-04-22,0.090000,0.100000,0.090000,0.100000,0.100000,74000
2020-04-23,0.100000,0.100000,0.100000,0.100000,0.100000,0
2020-04-24,0.100000,0.100000,0.100000,0.100000,0.100000,0
2020-04-27,0.110000,0.110000,0.110000,0.110000,0.110000,49600
2020-04-28,0.110000,0.110000,0.100000,0.100000,0.100000,81000
2020-04-29,0.110000,0.110000,0.100000,0.110000,0.110000,12300
2020-04-30,0.110000,0.110000,0.100000,0.100000,0.100000,19500
2020-05-01,0.100000,0.100000,0.100000,0.100000,0.100000,0
2020-05-04,0.110000,0.130000,0.110000,0.130000,0.130000,79000
2020-05-05,0.130000,0.130000,0.120000,0.130000,0.130000,62400
2020-05-06,0.140000,0.150000,0.130000,0.130000,0.130000,50200
2020-05-07,0.140000,0.150000,0.140000,0.150000,0.150000,71900
2020-05-08,0.150000,0.150000,0.120000,0.120000,0.120000,45200
2020-05-11,0.110000,0.150000,0.110000,0.140000,0.140000,8400
2020-05-12,0.110000,0.140000,0.110000,0.140000,0.140000,5100
2020-05-13,0.140000,0.140000,0.140000,0.140000,0.140000,0
2020-05-14,0.140000,0.140000,0.140000,0.140000,0.140000,0
2020-05-15,0.130000,0.140000,0.120000,0.130000,0.130000,18600
2020-05-18,0.120000,0.120000,0.110000,0.110000,0.110000,24100
2020-05-19,0.110000,0.110000,0.110000,0.110000,0.110000,300
2020-05-20,0.120000,0.120000,0.110000,0.110000,0.110000,11200
2020-05-21,0.110000,0.120000,0.110000,0.120000,0.120000,6500
2020-05-22,0.120000,0.120000,0.120000,0.120000,0.120000,100
2020-05-26,0.120000,0.120000,0.120000,0.120000,0.120000,0
2020-05-27,0.110000,0.110000,0.110000,0.110000,0.110000,2500
2020-05-28,0.110000,0.110000,0.110000,0.110000,0.110000,0
2020-05-29,0.110000,0.110000,0.110000,0.110000,0.110000,0
2020-06-01,0.120000,0.120000,0.120000,0.120000,0.120000,4600
2020-06-02,0.120000,0.130000,0.120000,0.120000,0.120000,10900
2020-06-03,0.120000,0.120000,0.120000,0.120000,0.120000,90800
2020-06-04,0.120000,0.120000,0.110000,0.120000,0.120000,17100
2020-06-05,0.110000,0.120000,0.090000,0.110000,0.110000,176600
2020-06-08,0.110000,0.110000,0.110000,0.110000,0.110000,800
2020-06-09,0.120000,0.120000,0.120000,0.120000,0.120000,6300
2020-06-10,0.110000,0.120000,0.100000,0.120000,0.120000,7100
2020-06-11,0.100000,0.110000,0.100000,0.110000,0.110000,6100
2020-06-12,0.110000,0.110000,0.110000,0.110000,0.110000,100
2020-06-15,0.100000,0.120000,0.100000,0.100000,0.100000,5500
2020-06-16,0.100000,0.100000,0.090000,0.100000,0.100000,53600
2020-06-17,0.100000,0.110000,0.100000,0.100000,0.100000,16300
2020-06-18,0.100000,0.100000,0.090000,0.100000,0.100000,15300
2020-06-19,0.110000,0.110000,0.090000,0.090000,0.090000,11900
2020-06-22,0.090000,0.090000,0.090000,0.090000,0.090000,0
2020-06-23,0.090000,0.090000,0.090000,0.090000,0.090000,0
2020-06-24,0.090000,0.090000,0.090000,0.090000,0.090000,5000
2020-06-25,0.110000,0.110000,0.100000,0.100000,0.100000,1400
2020-06-26,0.100000,0.100000,0.100000,0.100000,0.100000,0
2020-06-29,0.090000,0.090000,0.090000,0.090000,0.090000,4400
2020-06-30,0.100000,0.110000,0.100000,0.110000,0.110000,201200
2020-07-01,0.110000,0.110000,0.110000,0.110000,0.110000,0
2020-07-02,0.100000,0.100000,0.090000,0.100000,0.100000,283800
2020-07-06,0.100000,0.100000,0.100000,0.100000,0.100000,9800
2020-07-07,0.090000,0.100000,0.090000,0.100000,0.100000,30900
2020-07-08,0.100000,0.100000,0.100000,0.100000,0.100000,200
2020-07-09,0.090000,0.100000,0.090000,0.100000,0.100000,7000
2020-07-10,0.100000,0.100000,0.100000,0.100000,0.100000,100
2020-07-13,0.090000,0.100000,0.090000,0.100000,0.100000,6100
2020-07-14,0.100000,0.100000,0.100000,0.100000,0.100000,1000
2020-07-15,0.090000,0.100000,0.090000,0.090000,0.090000,19400
2020-07-16,0.090000,0.090000,0.090000,0.090000,0.090000,1300
2020-07-17,0.090000,0.090000,0.090000,0.090000,0.090000,199700
2020-07-20,0.090000,0.090000,0.090000,0.090000,0.090000,400
2020-07-21,0.100000,0.100000,0.100000,0.100000,0.100000,25900
2020-07-22,0.100000,0.100000,0.100000,0.100000,0.100000,0
2020-07-23,0.100000,0.100000,0.100000,0.100000,0.100000,0
2020-07-24,0.110000,0.110000,0.100000,0.100000,0.100000,6000
2020-07-27,0.120000,0.120000,0.120000,0.120000,0.120000,600
2020-07-28,0.120000,0.120000,0.120000,0.120000,0.120000,0
2020-07-29,0.100000,0.100000,0.100000,0.100000,0.100000,231200
2020-07-30,0.100000,0.100000,0.100000,0.100000,0.100000,0
2020-07-31,0.100000,0.100000,0.100000,0.100000,0.100000,0
2020-08-03,0.100000,0.120000,0.100000,0.120000,0.120000,65200
2020-08-04,0.120000,0.120000,0.110000,0.120000,0.120000,36100
2020-08-05,0.120000,0.120000,0.120000,0.120000,0.120000,0
2020-08-06,0.120000,0.120000,0.120000,0.120000,0.120000,21400
2020-08-07,0.120000,0.120000,0.120000,0.120000,0.120000,0
2020-08-10,0.100000,0.120000,0.100000,0.120000,0.120000,21800
2020-08-11,0.120000,0.120000,0.120000,0.120000,0.120000,80000
2020-08-12,0.110000,0.110000,0.110000,0.110000,0.110000,100500
2020-08-13,0.120000,0.120000,0.100000,0.100000,0.100000,28400
2020-08-14,0.100000,0.120000,0.100000,0.100000,0.100000,59000
2020-08-17,0.110000,0.110000,0.110000,0.110000,0.110000,4100
2020-08-18,0.110000,0.110000,0.110000,0.110000,0.110000,100
2020-08-19,0.100000,0.110000,0.100000,0.110000,0.110000,2000
2020-08-20,0.110000,0.110000,0.110000,0.110000,0.110000,0
2020-08-21,0.110000,0.110000,0.110000,0.110000,0.110000,15400
2020-08-24,0.110000,0.110000,0.110000,0.110000,0.110000,10000
2020-08-25,0.110000,0.110000,0.110000,0.110000,0.110000,2100
2020-08-26,0.110000,0.110000,0.110000,0.110000,0.110000,16500
2020-08-27,0.100000,0.100000,0.100000,0.100000,0.100000,50800
2020-08-28,0.100000,0.100000,0.090000,0.090000,0.090000,122800
2020-08-31,0.090000,0.100000,0.090000,0.090000,0.090000,48100
2020-09-01,0.100000,0.110000,0.100000,0.110000,0.110000,17700
2020-09-02,0.100000,0.100000,0.090000,0.100000,0.100000,145900
2020-09-03,0.100000,0.100000,0.100000,0.100000,0.100000,0
2020-09-04,0.090000,0.100000,0.090000,0.100000,0.100000,1800
2020-09-08,0.090000,0.100000,0.090000,0.100000,0.100000,5000
2020-09-09,0.100000,0.100000,0.090000,0.100000,0.100000,4200
2020-09-10,0.100000,0.100000,0.100000,0.100000,0.100000,3500
2020-09-11,0.100000,0.110000,0.090000,0.110000,0.110000,4100
2020-09-14,0.090000,0.100000,0.080000,0.090000,0.090000,293300
2020-09-15,0.090000,0.090000,0.050000,0.080000,0.080000,653400
2020-09-16,0.080000,0.080000,0.070000,0.080000,0.080000,34000
2020-09-17,0.080000,0.090000,0.080000,0.090000,0.090000,155000
2020-09-18,0.080000,0.090000,0.080000,0.080000,0.080000,75000
2020-09-21,0.080000,0.080000,0.080000,0.080000,0.080000,0
2020-09-22,0.080000,0.090000,0.080000,0.090000,0.090000,195000
2020-09-23,0.080000,0.080000,0.080000,0.080000,0.080000,61900
2020-09-24,0.080000,0.080000,0.080000,0.080000,0.080000,0
2020-09-25,0.080000,0.090000,0.080000,0.080000,0.080000,23200
2020-09-28,0.080000,0.090000,0.080000,0.080000,0.080000,18100
2020-09-29,0.090000,0.090000,0.090000,0.090000,0.090000,104000
2020-09-30,0.090000,0.090000,0.090000,0.090000,0.090000,62900
2020-10-01,0.100000,0.100000,0.100000,0.100000,0.100000,200
2020-10-02,0.090000,0.090000,0.090000,0.090000,0.090000,146000
2020-10-05,0.090000,0.090000,0.090000,0.090000,0.090000,60000
2020-10-06,0.090000,0.090000,0.090000,0.090000,0.090000,50300
2020-10-07,0.090000,0.090000,0.090000,0.090000,0.090000,800
2020-10-08,0.090000,0.090000,0.090000,0.090000,0.090000,0
2020-10-09,0.090000,0.090000,0.090000,0.090000,0.090000,20000
2020-10-12,0.090000,0.090000,0.080000,0.090000,0.090000,49100
2020-10-13,0.080000,0.080000,0.080000,0.080000,0.080000,47800
2020-10-14,0.080000,0.090000,0.080000,0.090000,0.090000,26000
2020-10-15,0.090000,0.090000,0.090000,0.090000,0.090000,0
2020-10-16,0.090000,0.090000,0.090000,0.090000,0.090000,0
2020-10-19,0.090000,0.090000,0.090000,0.090000,0.090000,0
2020-10-20,0.080000,0.090000,0.080000,0.080000,0.080000,6700
2020-10-21,0.080000,0.080000,0.080000,0.080000,0.080000,0
2020-10-22,0.090000,0.090000,0.080000,0.080000,0.080000,12600
2020-10-23,0.080000,0.080000,0.080000,0.080000,0.080000,0
2020-10-26,0.090000,0.090000,0.090000,0.090000,0.090000,39900
2020-10-27,0.080000,0.090000,0.080000,0.090000,0.090000,3700
2020-10-28,0.090000,0.090000,0.080000,0.080000,0.080000,16200
2020-10-29,0.090000,0.090000,0.090000,0.090000,0.090000,200
2020-10-30,0.080000,0.080000,0.080000,0.080000,0.080000,44400
2020-11-02,0.080000,0.080000,0.080000,0.080000,0.080000,10000
2020-11-03,0.080000,0.080000,0.080000,0.080000,0.080000,12500
2020-11-04,0.080000,0.080000,0.080000,0.080000,0.080000,0
2020-11-05,0.080000,0.080000,0.080000,0.080000,0.080000,0
2020-11-06,0.090000,0.090000,0.090000,0.090000,0.090000,33000
2020-11-09,0.090000,0.090000,0.090000,0.090000,0.090000,5000
2020-11-10,0.090000,0.090000,0.090000,0.090000,0.090000,72500
2020-11-11,0.080000,0.090000,0.080000,0.090000,0.090000,195100
2020-11-12,0.090000,0.090000,0.080000,0.090000,0.090000,525000
2020-11-13,0.090000,0.090000,0.090000,0.090000,0.090000,25000
2020-11-16,0.090000,0.090000,0.090000,0.090000,0.090000,61500
2020-11-17,0.090000,0.090000,0.080000,0.080000,0.080000,226500
2020-11-18,0.090000,0.090000,0.080000,0.080000,0.080000,82500
2020-11-19,0.080000,0.080000,0.080000,0.080000,0.080000,0
2020-11-20,0.080000,0.090000,0.080000,0.090000,0.090000,32600
2020-11-23,0.090000,0.090000,0.080000,0.090000,0.090000,65000
2020-11-24,0.090000,0.090000,0.080000,0.090000,0.090000,182400
2020-11-25,0.080000,0.090000,0.080000,0.090000,0.090000,80600
2020-11-27,0.090000,0.090000,0.090000,0.090000,0.090000,100
2020-11-30,0.080000,0.090000,0.080000,0.090000,0.090000,27300
2020-12-01,0.090000,0.090000,0.090000,0.090000,0.090000,5000
2020-12-02,0.090000,0.090000,0.090000,0.090000,0.090000,94000
2020-12-03,0.090000,0.090000,0.090000,0.090000,0.090000,46200
2020-12-04,0.090000,0.100000,0.090000,0.100000,0.100000,161500
2020-12-07,0.110000,0.110000,0.100000,0.100000,0.100000,33000
2020-12-08,0.090000,0.100000,0.090000,0.100000,0.100000,25000
2020-12-09,0.100000,0.110000,0.100000,0.110000,0.110000,103100
2020-12-10,0.110000,0.130000,0.110000,0.120000,0.120000,118400
2020-12-11,0.120000,0.120000,0.110000,0.110000,0.110000,40800
2020-12-14,0.110000,0.120000,0.110000,0.120000,0.120000,120700
2020-12-15,0.110000,0.120000,0.110000,0.110000,0.110000,17200
2020-12-16,0.110000,0.130000,0.110000,0.130000,0.130000,95300
2020-12-17,0.140000,0.140000,0.130000,0.140000,0.140000,40700
2020-12-18,0.160000,0.190000,0.150000,0.170000,0.170000,659800
2020-12-21,0.170000,0.190000,0.150000,0.180000,0.180000,359100
2020-12-22,0.180000,0.190000,0.170000,0.170000,0.170000,369900
2020-12-23,0.180000,0.180000,0.160000,0.180000,0.180000,71600
2020-12-24,0.180000,0.180000,0.170000,0.180000,0.180000,179600
2020-12-28,0.210000,0.210000,0.190000,0.190000,0.190000,449100
2020-12-29,0.200000,0.200000,0.170000,0.190000,0.190000,149600
2020-12-30,0.200000,0.220000,0.180000,0.220000,0.220000,173400
2020-12-31,0.210000,0.220000,0.190000,0.220000,0.220000,186100
2021-01-04,0.220000,0.230000,0.180000,0.210000,0.210000,110700
2021-01-05,0.210000,0.210000,0.180000,0.200000,0.200000,103600
2021-01-06,0.180000,0.210000,0.170000,0.210000,0.210000,60000
2021-01-07,0.200000,0.210000,0.190000,0.190000,0.190000,125300
2021-01-08,0.180000,0.200000,0.180000,0.190000,0.190000,10700
2021-01-11,0.190000,0.210000,0.190000,0.200000,0.200000,49600
2021-01-12,0.200000,0.220000,0.200000,0.220000,0.220000,38400
2021-01-13,0.220000,0.220000,0.200000,0.210000,0.210000,57600
2021-01-14,0.180000,0.240000,0.180000,0.240000,0.240000,152300
2021-01-15,0.210000,0.240000,0.210000,0.230000,0.230000,116900
2021-01-19,0.220000,0.230000,0.210000,0.230000,0.230000,39600
2021-01-20,0.230000,0.240000,0.220000,0.220000,0.220000,50100
2021-01-21,0.220000,0.250000,0.220000,0.240000,0.240000,191200
2021-01-22,0.250000,0.250000,0.220000,0.240000,0.240000,115500
2021-01-25,0.250000,0.250000,0.220000,0.220000,0.220000,44600
2021-01-26,0.220000,0.230000,0.220000,0.230000,0.230000,25300
2021-01-27,0.230000,0.230000,0.190000,0.200000,0.200000,160000
2021-01-28,0.190000,0.200000,0.180000,0.190000,0.190000,34700
2021-01-29,0.190000,0.210000,0.140000,0.170000,0.170000,300200
2021-02-01,0.180000,0.190000,0.160000,0.170000,0.170000,80100
2021-02-02,0.210000,0.210000,0.180000,0.180000,0.180000,5800
2021-02-03,0.170000,0.210000,0.170000,0.200000,0.200000,38000
2021-02-04,0.200000,0.210000,0.160000,0.170000,0.170000,37500
2021-02-05,0.160000,0.210000,0.160000,0.200000,0.200000,62800
2021-02-08,0.200000,0.220000,0.190000,0.190000,0.190000,70200
2021-02-09,0.190000,0.210000,0.190000,0.190000,0.190000,51600
2021-02-10,0.390000,0.400000,0.240000,0.270000,0.270000,4710100
2021-02-11,0.280000,0.320000,0.270000,0.280000,0.280000,795700
2021-02-12,0.270000,0.280000,0.210000,0.220000,0.220000,595600
2021-02-16,0.230000,0.250000,0.200000,0.210000,0.210000,302900
2021-02-17,0.200000,0.230000,0.190000,0.200000,0.200000,223100
2021-02-18,0.230000,0.230000,0.200000,0.210000,0.210000,86200
2021-02-19,0.220000,0.240000,0.210000,0.240000,0.240000,231200
2021-02-22,0.240000,0.260000,0.220000,0.230000,0.230000,146400
2021-02-23,0.220000,0.250000,0.190000,0.200000,0.200000,321100
2021-02-24,0.230000,0.240000,0.190000,0.220000,0.220000,308400
2021-02-25,0.200000,0.230000,0.200000,0.220000,0.220000,242000
2021-02-26,0.220000,0.220000,0.190000,0.190000,0.190000,98000
2021-03-01,0.190000,0.210000,0.190000,0.190000,0.190000,106900
2021-03-02,0.190000,0.220000,0.190000,0.200000,0.200000,106700
2021-03-03,0.220000,0.230000,0.190000,0.190000,0.190000,55500
2021-03-04,0.200000,0.210000,0.170000,0.170000,0.170000,329100
2021-03-05,0.170000,0.200000,0.170000,0.200000,0.200000,144500
2021-03-08,0.180000,0.200000,0.170000,0.190000,0.190000,199000
2021-03-09,0.190000,0.200000,0.190000,0.190000,0.190000,18000
2021-03-10,0.190000,0.200000,0.190000,0.200000,0.200000,8400
2021-03-11,0.190000,0.200000,0.190000,0.190000,0.190000,95300
2021-03-12,0.190000,0.200000,0.190000,0.200000,0.200000,89200
2021-03-15,0.200000,0.210000,0.200000,0.200000,0.200000,153400
2021-03-16,0.200000,0.200000,0.200000,0.200000,0.200000,180700
2021-03-17,0.190000,0.220000,0.190000,0.200000,0.200000,62100
2021-03-18,0.200000,0.220000,0.200000,0.220000,0.220000,33700
2021-03-19,0.220000,0.230000,0.220000,0.230000,0.230000,37600
2021-03-22,0.240000,0.250000,0.220000,0.240000,0.240000,105000
2021-03-23,0.220000,0.230000,0.210000,0.220000,0.220000,118300
2021-03-24,0.220000,0.220000,0.210000,0.210000,0.210000,41000
2021-03-25,0.230000,0.230000,0.210000,0.210000,0.210000,19300
2021-03-26,0.210000,0.220000,0.210000,0.220000,0.220000,67400
2021-03-29,0.220000,0.250000,0.220000,0.220000,0.220000,60900
2021-03-30,0.220000,0.230000,0.210000,0.210000,0.210000,44300
2021-03-31,0.210000,0.220000,0.210000,0.220000,0.220000,54500
2021-04-01,0.220000,0.220000,0.210000,0.220000,0.220000,41700
2021-04-05,0.200000,0.220000,0.170000,0.220000,0.220000,147800
2021-04-06,0.220000,0.230000,0.210000,0.210000,0.210000,40600
2021-04-07,0.210000,0.230000,0.200000,0.210000,0.210000,39400
2021-04-08,0.190000,0.220000,0.190000,0.210000,0.210000,51100
2021-04-09,0.210000,0.220000,0.200000,0.220000,0.220000,30500
2021-04-12,0.210000,0.210000,0.200000,0.200000,0.200000,112800
2021-04-13,0.200000,0.200000,0.190000,0.190000,0.190000,130200
2021-04-14,0.180000,0.200000,0.180000,0.200000,0.200000,101100
2021-04-15,0.200000,0.210000,0.190000,0.200000,0.200000,31800
2021-04-16,0.210000,0.210000,0.200000,0.200000,0.200000,15300
2021-04-19,0.190000,0.200000,0.190000,0.190000,0.190000,32000
2021-04-20,0.190000,0.200000,0.190000,0.190000,0.190000,67100
2021-04-21,0.190000,0.200000,0.190000,0.200000,0.200000,239100
2021-04-22,0.200000,0.200000,0.200000,0.200000,0.200000,10600
2021-04-23,0.200000,0.210000,0.200000,0.200000,0.200000,26900
2021-04-26,0.190000,0.200000,0.190000,0.190000,0.190000,23700
2021-04-27,0.190000,0.200000,0.190000,0.200000,0.200000,8200
2021-04-28,0.190000,0.200000,0.190000,0.190000,0.190000,49700
2021-04-29,0.200000,0.200000,0.190000,0.190000,0.190000,55700
2021-04-30,0.200000,0.200000,0.190000,0.190000,0.190000,63200
2021-05-03,0.190000,0.190000,0.180000,0.190000,0.190000,324000
2021-05-04,0.180000,0.190000,0.180000,0.190000,0.190000,91300
2021-05-05,0.180000,0.190000,0.180000,0.180000,0.180000,2000
2021-05-06,0.180000,0.190000,0.170000,0.170000,0.170000,33900
2021-05-07,0.170000,0.180000,0.170000,0.170000,0.170000,37700
2021-05-10,0.170000,0.190000,0.170000,0.180000,0.180000,82500
2021-05-11,0.180000,0.180000,0.180000,0.180000,0.180000,2700
2021-05-12,0.190000,0.190000,0.180000,0.190000,0.190000,32600
2021-05-13,0.190000,0.210000,0.190000,0.210000,0.210000,97800
2021-05-14,0.200000,0.200000,0.190000,0.190000,0.190000,28500
2021-05-17,0.190000,0.190000,0.180000,0.190000,0.190000,39000
2021-05-18,0.180000,0.200000,0.170000,0.190000,0.190000,52500
2021-05-19,0.200000,0.200000,0.170000,0.190000,0.190000,28400
2021-05-20,0.170000,0.200000,0.170000,0.190000,0.190000,4500
2021-05-21,0.190000,0.200000,0.190000,0.200000,0.200000,11400
2021-05-24,0.200000,0.200000,0.200000,0.200000,0.200000,300
2021-05-25,0.180000,0.200000,0.180000,0.200000,0.200000,36200
2021-05-26,0.200000,0.210000,0.180000,0.190000,0.190000,21800
2021-05-27,0.190000,0.200000,0.170000,0.170000,0.170000,60200
2021-05-28,0.190000,0.200000,0.170000,0.170000,0.170000,77900
2021-06-01,0.180000,0.200000,0.180000,0.190000,0.190000,82200
2021-06-02,0.170000,0.190000,0.170000,0.180000,0.180000,117900
2021-06-03,0.170000,0.170000,0.170000,0.170000,0.170000,4300
2021-06-04,0.180000,0.180000,0.170000,0.180000,0.180000,52700
2021-06-07,0.180000,0.180000,0.180000,0.180000,0.180000,28200
2021-06-08,0.180000,0.180000,0.180000,0.180000,0.180000,5100
2021-06-09,0.180000,0.190000,0.180000,0.180000,0.180000,20300
2021-06-10,0.180000,0.180000,0.180000,0.180000,0.180000,200
2021-06-11,0.170000,0.180000,0.170000,0.180000,0.180000,900
2021-06-14,0.180000,0.180000,0.180000,0.180000,0.180000,9000
2021-06-15,0.180000,0.180000,0.170000,0.180000,0.180000,11900
2021-06-16,0.180000,0.180000,0.170000,0.170000,0.170000,13600
2021-06-17,0.170000,0.170000,0.170000,0.170000,0.170000,1200
2021-06-18,0.170000,0.170000,0.170000,0.170000,0.170000,100
2021-06-21,0.170000,0.190000,0.170000,0.170000,0.170000,52600
2021-06-22,0.170000,0.170000,0.170000,0.170000,0.170000,7000
2021-06-23,0.170000,0.170000,0.170000,0.170000,0.170000,10800
2021-06-24,0.170000,0.170000,0.170000,0.170000,0.170000,0
2021-06-25,0.170000,0.180000,0.170000,0.170000,0.170000,14000
2021-06-28,0.170000,0.180000,0.170000,0.180000,0.180000,22100
2021-06-29,0.180000,0.180000,0.170000,0.170000,0.170000,12500
2021-06-30,0.170000,0.170000,0.170000,0.170000,0.170000,23600
2021-07-01,0.180000,0.180000,0.170000,0.170000,0.170000,117700
2021-07-02,0.170000,0.170000,0.170000,0.170000,0.170000,500
2021-07-06,0.170000,0.180000,0.170000,0.170000,0.170000,7900
2021-07-07,0.170000,0.180000,0.170000,0.180000,0.180000,65400
2021-07-08,0.180000,0.180000,0.180000,0.180000,0.180000,77500
2021-07-09,0.180000,0.180000,0.180000,0.180000,0.180000,6100
2021-07-12,0.180000,0.180000,0.170000,0.170000,0.170000,14200
2021-07-13,0.170000,0.170000,0.170000,0.170000,0.170000,31900
2021-07-14,0.170000,0.170000,0.170000,0.170000,0.170000,63800
2021-07-15,0.170000,0.170000,0.170000,0.170000,0.170000,90900
2021-07-16,0.170000,0.170000,0.160000,0.160000,0.160000,20300
2021-07-19,0.170000,0.170000,0.170000,0.170000,0.170000,12100
2021-07-20,0.170000,0.170000,0.170000,0.170000,0.170000,43800
2021-07-21,0.170000,0.200000,0.170000,0.200000,0.200000,64000
2021-07-22,0.200000,0.200000,0.190000,0.190000,0.190000,90000
2021-07-23,0.190000,0.190000,0.180000,0.190000,0.190000,91600
2021-07-26,0.180000,0.190000,0.180000,0.180000,0.180000,49300
2021-07-27,0.180000,0.180000,0.180000,0.180000,0.180000,2800
2021-07-28,0.180000,0.200000,0.180000,0.190000,0.190000,27100
2021-07-29,0.190000,0.210000,0.190000,0.210000,0.210000,26500
2021-07-30,0.210000,0.210000,0.200000,0.210000,0.210000,35800
2021-08-02,0.210000,0.210000,0.180000,0.200000,0.200000,16700
2021-08-03,0.180000,0.190000,0.180000,0.190000,0.190000,3300
2021-08-04,0.200000,0.200000,0.180000,0.190000,0.190000,68500
2021-08-05,0.190000,0.190000,0.180000,0.180000,0.180000,12600
2021-08-06,0.190000,0.190000,0.180000,0.190000,0.190000,12900
2021-08-09,0.190000,0.190000,0.180000,0.180000,0.180000,64600
2021-08-10,0.180000,0.190000,0.180000,0.190000,0.190000,7700
2021-08-11,0.190000,0.190000,0.180000,0.180000,0.180000,2000
2021-08-12,0.190000,0.210000,0.190000,0.210000,0.210000,112100
2021-08-13,0.210000,0.210000,0.190000,0.210000,0.210000,59000
2021-08-16,0.200000,0.210000,0.200000,0.200000,0.200000,56900
2021-08-17,0.210000,0.210000,0.190000,0.200000,0.200000,41400
2021-08-18,0.200000,0.200000,0.200000,0.200000,0.200000,20000
2021-08-19,0.200000,0.200000,0.190000,0.190000,0.190000,12200
2021-08-20,0.200000,0.200000,0.190000,0.190000,0.190000,3200
2021-08-23,0.200000,0.200000,0.190000,0.200000,0.200000,24400
2021-08-24,0.200000,0.200000,0.190000,0.200000,0.200000,3600
2021-08-25,0.190000,0.200000,0.190000,0.190000,0.190000,75600
2021-08-26,0.190000,0.200000,0.180000,0.190000,0.190000,52200
2021-08-27,0.190000,0.190000,0.170000,0.180000,0.180000,156100
2021-08-30,0.190000,0.200000,0.180000,0.190000,0.190000,4200
2021-08-31,0.190000,0.190000,0.180000,0.180000,0.180000,3800
2021-09-01,0.190000,0.190000,0.190000,0.190000,0.190000,10400
2021-09-02,0.180000,0.190000,0.170000,0.180000,0.180000,13300
2021-09-03,0.180000,0.180000,0.180000,0.180000,0.180000,12500
2021-09-07,0.180000,0.180000,0.180000,0.180000,0.180000,28200
2021-09-08,0.180000,0.200000,0.180000,0.190000,0.190000,155300
2021-09-09,0.200000,0.200000,0.200000,0.200000,0.200000,4600
2021-09-10,0.190000,0.190000,0.190000,0.190000,0.190000,113200
2021-09-13,0.190000,0.200000,0.190000,0.190000,0.190000,138000
2021-09-14,0.180000,0.190000,0.180000,0.190000,0.190000,7800
2021-09-15,0.190000,0.190000,0.190000,0.190000,0.190000,2300
2021-09-16,0.190000,0.190000,0.190000,0.190000,0.190000,2900
2021-09-17,0.190000,0.190000,0.190000,0.190000,0.190000,7300
2021-09-20,0.190000,0.190000,0.190000,0.190000,0.190000,58100
2021-09-21,0.190000,0.190000,0.190000,0.190000,0.190000,13300
2021-09-22,0.190000,0.190000,0.190000,0.190000,0.190000,1200
2021-09-23,0.190000,0.190000,0.190000,0.190000,0.190000,4600
2021-09-24,0.190000,0.190000,0.190000,0.190000,0.190000,20000
2021-09-27,0.190000,0.190000,0.190000,0.190000,0.190000,120900
2021-09-28,0.190000,0.190000,0.190000,0.190000,0.190000,10500
2021-09-29,0.190000,0.190000,0.190000,0.190000,0.190000,1000
2021-09-30,0.190000,0.190000,0.190000,0.190000,0.190000,8700
2021-10-01,0.190000,0.190000,0.190000,0.190000,0.190000,23300
2021-10-04,0.190000,0.190000,0.190000,0.190000,0.190000,1800
2021-10-05,0.190000,0.190000,0.190000,0.190000,0.190000,200
2021-10-06,0.190000,0.190000,0.190000,0.190000,0.190000,3600
2021-10-07,0.190000,0.190000,0.190000,0.190000,0.190000,21000
2021-10-08,0.190000,0.190000,0.190000,0.190000,0.190000,18700
2021-10-11,0.190000,0.190000,0.190000,0.190000,0.190000,3600
2021-10-12,0.190000,0.190000,0.190000,0.190000,0.190000,268000
2021-10-13,0.190000,0.190000,0.190000,0.190000,0.190000,56000
2021-10-14,0.190000,0.190000,0.180000,0.180000,0.180000,22500
2021-10-15,0.180000,0.180000,0.180000,0.180000,0.180000,2000
2021-10-18,0.180000,0.180000,0.180000,0.180000,0.180000,5100
2021-10-19,0.190000,0.190000,0.180000,0.180000,0.180000,13200
2021-10-20,0.180000,0.180000,0.180000,0.180000,0.180000,9500
2021-10-21,0.180000,0.180000,0.180000,0.180000,0.180000,2500
2021-10-22,0.180000,0.190000,0.180000,0.180000,0.180000,81500
2021-10-25,0.180000,0.180000,0.180000,0.180000,0.180000,70500
2021-10-26,0.180000,0.180000,0.180000,0.180000,0.180000,7900
2021-10-27,0.180000,0.180000,0.180000,0.180000,0.180000,4900
2021-10-28,0.180000,0.180000,0.180000,0.180000,0.180000,2500
2021-10-29,0.180000,0.180000,0.180000,0.180000,0.180000,0
2021-11-01,0.180000,0.180000,0.180000,0.180000,0.180000,117900
2021-11-02,0.180000,0.180000,0.170000,0.180000,0.180000,44000
2021-11-03,0.180000,0.180000,0.180000,0.180000,0.180000,0
2021-11-04,0.170000,0.170000,0.170000,0.170000,0.170000,2100
2021-11-05,0.170000,0.180000,0.170000,0.180000,0.180000,3500
2021-11-08,0.170000,0.180000,0.160000,0.160000,0.160000,310300
2021-11-09,0.170000,0.170000,0.170000,0.170000,0.170000,3500
2021-11-10,0.170000,0.180000,0.170000,0.170000,0.170000,37500
2021-11-11,0.170000,0.170000,0.150000,0.160000,0.160000,323000
2021-11-12,0.160000,0.160000,0.150000,0.150000,0.150000,51700
2021-11-15,0.170000,0.180000,0.160000,0.170000,0.170000,229700
2021-11-16,0.180000,0.180000,0.170000,0.180000,0.180000,69100
2021-11-17,0.180000,0.180000,0.170000,0.170000,0.170000,28200
2021-11-18,0.170000,0.180000,0.170000,0.170000,0.170000,36200
2021-11-19,0.180000,0.180000,0.180000,0.180000,0.180000,100
2021-11-22,0.180000,0.180000,0.180000,0.180000,0.180000,35700
2021-11-23,0.180000,0.180000,0.170000,0.170000,0.170000,39200
2021-11-24,0.170000,0.180000,0.170000,0.180000,0.180000,4100
2021-11-26,0.170000,0.180000,0.170000,0.180000,0.180000,62200
2021-11-29,0.170000,0.180000,0.170000,0.180000,0.180000,15000
2021-11-30,0.180000,0.180000,0.180000,0.180000,0.180000,3600
2021-12-01,0.180000,0.180000,0.170000,0.170000,0.170000,20000
2021-12-02,0.170000,0.170000,0.170000,0.170000,0.170000,11600
2021-12-03,0.170000,0.170000,0.170000,0.170000,0.170000,78500
2021-12-06,0.170000,0.180000,0.170000,0.170000,0.170000,114600
2021-12-07,0.180000,0.180000,0.180000,0.180000,0.180000,22000
2021-12-08,0.180000,0.180000,0.170000,0.180000,0.180000,68100
2021-12-09,0.180000,0.180000,0.170000,0.170000,0.170000,8000
2021-12-10,0.170000,0.180000,0.170000,0.170000,0.170000,14700
2021-12-13,0.180000,0.180000,0.170000,0.170000,0.170000,91600
2021-12-14,0.170000,0.170000,0.170000,0.170000,0.170000,0
2021-12-15,0.180000,0.180000,0.170000,0.170000,0.170000,14600
2021-12-16,0.170000,0.170000,0.170000,0.170000,0.170000,2000
2021-12-17,0.170000,0.170000,0.170000,0.170000,0.170000,10000
2021-12-20,0.170000,0.170000,0.170000,0.170000,0.170000,0
2021-12-21,0.170000,0.180000,0.170000,0.180000,0.180000,31600
2021-12-22,0.170000,0.170000,0.170000,0.170000,0.170000,9300
2021-12-23,0.170000,0.170000,0.160000,0.170000,0.170000,59000
2021-12-27,0.170000,0.170000,0.170000,0.170000,0.170000,32700
2021-12-28,0.180000,0.180000,0.160000,0.170000,0.170000,29600
2021-12-29,0.180000,0.180000,0.180000,0.180000,0.180000,30100
2021-12-30,0.180000,0.180000,0.180000,0.180000,0.180000,34000
2021-12-31,0.160000,0.160000,0.160000,0.160000,0.160000,1100
2022-01-03,0.160000,0.180000,0.160000,0.160000,0.160000,26300
2022-01-04,0.160000,0.160000,0.160000,0.160000,0.160000,2000
2022-01-05,0.160000,0.160000,0.160000,0.160000,0.160000,200
2022-01-06,0.180000,0.180000,0.180000,0.180000,0.180000,100
2022-01-07,0.180000,0.180000,0.180000,0.180000,0.180000,1500
2022-01-10,0.180000,0.180000,0.170000,0.170000,0.170000,7800
2022-01-11,0.160000,0.170000,0.160000,0.160000,0.160000,47300
2022-01-12,0.160000,0.160000,0.160000,0.160000,0.160000,0
2022-01-13,0.160000,0.160000,0.160000,0.160000,0.160000,0
2022-01-14,0.170000,0.170000,0.170000,0.170000,0.170000,3700
2022-01-18,0.160000,0.180000,0.160000,0.170000,0.170000,22200
2022-01-19,0.160000,0.170000,0.160000,0.160000,0.160000,36000
2022-01-20,0.160000,0.160000,0.160000,0.160000,0.160000,56500
2022-01-21,0.160000,0.170000,0.160000,0.160000,0.160000,13200
2022-01-24,0.180000,0.180000,0.160000,0.160000,0.160000,13600
2022-01-25,0.160000,0.160000,0.160000,0.160000,0.160000,5000
2022-01-26,0.160000,0.160000,0.160000,0.160000,0.160000,1600
2022-01-27,0.160000,0.160000,0.160000,0.160000,0.160000,35000
2022-01-28,0.160000,0.160000,0.160000,0.160000,0.160000,8000
2022-01-31,0.160000,0.160000,0.160000,0.160000,0.160000,0
2022-02-01,0.160000,0.160000,0.160000,0.160000,0.160000,600
2022-02-02,0.170000,0.170000,0.170000,0.170000,0.170000,1000
2022-02-03,0.160000,0.160000,0.160000,0.160000,0.160000,100
2022-02-04,0.160000,0.160000,0.150000,0.150000,0.150000,9000
2022-02-07,0.150000,0.160000,0.150000,0.150000,0.150000,10800
2022-02-08,0.160000,0.170000,0.160000,0.160000,0.160000,1100
2022-02-09,0.160000,0.170000,0.160000,0.170000,0.170000,5800
2022-02-10,0.180000,0.180000,0.180000,0.180000,0.180000,100
2022-02-11,0.170000,0.180000,0.170000,0.180000,0.180000,8200
2022-02-14,0.170000,0.170000,0.170000,0.170000,0.170000,1000
2022-02-15,0.170000,0.170000,0.170000,0.170000,0.170000,100
2022-02-16,0.170000,0.170000,0.170000,0.170000,0.170000,9200
2022-02-17,0.170000,0.170000,0.170000,0.170000,0.170000,14500
2022-02-18,0.160000,0.170000,0.160000,0.160000,0.160000,7400
2022-02-22,0.160000,0.170000,0.160000,0.170000,0.170000,6000
2022-02-23,0.170000,0.170000,0.170000,0.170000,0.170000,0
2022-02-24,0.170000,0.170000,0.170000,0.170000,0.170000,91800
2022-02-25,0.170000,0.170000,0.170000,0.170000,0.170000,13300
2022-02-28,0.170000,0.170000,0.160000,0.160000,0.160000,11100
2022-03-01,0.160000,0.160000,0.160000,0.160000,0.160000,1000
2022-03-02,0.160000,0.160000,0.160000,0.160000,0.160000,225200
2022-03-03,0.160000,0.160000,0.160000,0.160000,0.160000,7400
2022-03-04,0.160000,0.160000,0.160000,0.160000,0.160000,500
2022-03-07,0.160000,0.160000,0.160000,0.160000,0.160000,92000
2022-03-08,0.160000,0.160000,0.160000,0.160000,0.160000,16800
2022-03-09,0.160000,0.160000,0.160000,0.160000,0.160000,63400
2022-03-10,0.160000,0.160000,0.160000,0.160000,0.160000,12000
2022-03-11,0.160000,0.170000,0.160000,0.160000,0.160000,45300
2022-03-14,0.160000,0.160000,0.160000,0.160000,0.160000,600
2022-03-15,0.160000,0.160000,0.160000,0.160000,0.160000,0
2022-03-16,0.160000,0.160000,0.160000,0.160000,0.160000,400
2022-03-17,0.160000,0.160000,0.160000,0.160000,0.160000,0
2022-03-18,0.160000,0.170000,0.160000,0.170000,0.170000,3500
2022-03-21,0.170000,0.170000,0.170000,0.170000,0.170000,0
2022-03-22,0.170000,0.170000,0.170000,0.170000,0.170000,100
2022-03-23,0.160000,0.170000,0.160000,0.160000,0.160000,1400
2022-03-24,0.160000,0.170000,0.160000,0.170000,0.170000,6100
2022-03-25,0.170000,0.170000,0.170000,0.170000,0.170000,0
2022-03-28,0.160000,0.160000,0.160000,0.160000,0.160000,3100
2022-03-29,0.170000,0.170000,0.170000,0.170000,0.170000,600
2022-03-30,0.160000,0.180000,0.160000,0.180000,0.180000,339900
2022-03-31,0.180000,0.210000,0.180000,0.200000,0.200000,108700
2022-04-01,0.200000,0.200000,0.200000,0.200000,0.200000,35600
2022-04-04,0.210000,0.210000,0.200000,0.200000,0.200000,19300
2022-04-05,0.200000,0.200000,0.190000,0.190000,0.190000,16000
2022-04-06,0.200000,0.200000,0.190000,0.190000,0.190000,15400
2022-04-07,0.190000,0.200000,0.190000,0.200000,0.200000,12600
2022-04-08,0.200000,0.200000,0.190000,0.190000,0.190000,6000
2022-04-11,0.190000,0.200000,0.190000,0.190000,0.190000,46100
2022-04-12,0.190000,0.190000,0.190000,0.190000,0.190000,500
2022-04-13,0.190000,0.190000,0.190000,0.190000,0.190000,19900
2022-04-14,0.190000,0.190000,0.190000,0.190000,0.190000,147600
2022-04-18,0.200000,0.210000,0.200000,0.200000,0.200000,205900
2022-04-19,0.200000,0.210000,0.200000,0.200000,0.200000,20300
2022-04-20,0.200000,0.210000,0.200000,0.210000,0.210000,78600
2022-04-21,0.210000,0.250000,0.210000,0.230000,0.230000,271100
2022-04-22,0.240000,0.340000,0.240000,0.260000,0.260000,350200
2022-04-25,0.270000,0.280000,0.260000,0.280000,0.280000,120300
2022-04-26,0.280000,0.330000,0.260000,0.310000,0.310000,225200
2022-04-27,0.310000,0.320000,0.270000,0.300000,0.300000,172300
2022-04-28,0.280000,0.290000,0.280000,0.290000,0.290000,56800
2022-04-29,0.300000,0.300000,0.290000,0.290000,0.290000,121700
2022-05-02,0.300000,0.300000,0.290000,0.290000,0.290000,43800
2022-05-03,0.290000,0.310000,0.280000,0.300000,0.300000,59500
2022-05-04,0.300000,0.300000,0.280000,0.290000,0.290000,81500
2022-05-05,0.310000,0.310000,0.290000,0.290000,0.290000,5800
2022-05-06,0.290000,0.300000,0.280000,0.300000,0.300000,47300
2022-05-09,0.280000,0.280000,0.230000,0.230000,0.230000,167300
2022-05-10,0.250000,0.250000,0.250000,0.250000,0.250000,1300
2022-05-11,0.240000,0.240000,0.220000,0.240000,0.240000,62300
2022-05-12,0.230000,0.230000,0.230000,0.230000,0.230000,11600
2022-05-13,0.240000,0.240000,0.210000,0.230000,0.230000,30100
2022-05-16,0.220000,0.230000,0.220000,0.230000,0.230000,19100
2022-05-17,0.230000,0.230000,0.210000,0.230000,0.230000,194000
2022-05-18,0.220000,0.230000,0.220000,0.220000,0.220000,42200
2022-05-19,0.220000,0.230000,0.210000,0.230000,0.230000,42300
2022-05-20,0.230000,0.250000,0.230000,0.240000,0.240000,94800
2022-05-23,0.240000,0.250000,0.240000,0.250000,0.250000,2300
2022-05-24,0.240000,0.250000,0.220000,0.250000,0.250000,15100
2022-05-25,0.240000,0.250000,0.240000,0.250000,0.250000,5000
2022-05-26,0.250000,0.250000,0.250000,0.250000,0.250000,0
2022-05-27,0.230000,0.230000,0.230000,0.230000,0.230000,200
2022-05-31,0.230000,0.230000,0.210000,0.210000,0.210000,83200
2022-06-01,0.220000,0.230000,0.210000,0.210000,0.210000,54500
2022-06-02,0.220000,0.230000,0.220000,0.220000,0.220000,22000
2022-06-03,0.220000,0.220000,0.220000,0.220000,0.220000,0
2022-06-06,0.210000,0.210000,0.210000,0.210000,0.210000,200
2022-06-07,0.220000,0.230000,0.220000,0.230000,0.230000,31100
2022-06-08,0.230000,0.230000,0.210000,0.210000,0.210000,11100
2022-06-09,0.230000,0.230000,0.230000,0.230000,0.230000,100
2022-06-10,0.210000,0.230000,0.210000,0.230000,0.230000,2700
2022-06-13,0.210000,0.230000,0.210000,0.220000,0.220000,22100
2022-06-14,0.220000,0.230000,0.210000,0.210000,0.210000,75200
2022-06-15,0.210000,0.230000,0.210000,0.230000,0.230000,47000
2022-06-16,0.210000,0.230000,0.210000,0.230000,0.230000,24400
2022-06-17,0.210000,0.210000,0.210000,0.210000,0.210000,10100
2022-06-21,0.220000,0.230000,0.220000,0.230000,0.230000,33800
2022-06-22,0.230000,0.240000,0.230000,0.230000,0.230000,16200
2022-06-23,0.220000,0.230000,0.210000,0.210000,0.210000,132100
2022-06-24,0.230000,0.230000,0.210000,0.230000,0.230000,70000
2022-06-27,0.210000,0.220000,0.210000,0.210000,0.210000,17200
2022-06-28,0.210000,0.230000,0.210000,0.210000,0.210000,206500
2022-06-29,0.210000,0.210000,0.210000,0.210000,0.210000,0
2022-06-30,0.230000,0.230000,0.210000,0.210000,0.210000,16800
2022-07-01,0.210000,0.210000,0.210000,0.210000,0.210000,52800
2022-07-05,0.200000,0.200000,0.180000,0.180000,0.180000,5400
2022-07-06,0.190000,0.200000,0.190000,0.200000,0.200000,23200
2022-07-07,0.200000,0.210000,0.200000,0.210000,0.210000,8800
2022-07-08,0.190000,0.200000,0.190000,0.200000,0.200000,39700
2022-07-11,0.200000,0.210000,0.200000,0.200000,0.200000,36200
2022-07-12,0.210000,0.220000,0.190000,0.190000,0.190000,50500
2022-07-13,0.190000,0.190000,0.190000,0.190000,0.190000,24800
2022-07-14,0.190000,0.190000,0.190000,0.190000,0.190000,100
2022-07-15,0.190000,0.190000,0.180000,0.190000,0.190000,35800
2022-07-18,0.180000,0.190000,0.180000,0.180000,0.180000,2400
2022-07-19,0.190000,0.220000,0.190000,0.220000,0.220000,33900
2022-07-20,0.220000,0.220000,0.200000,0.210000,0.210000,23200
2022-07-21,0.210000,0.210000,0.200000,0.200000,0.200000,9700
2022-07-22,0.200000,0.210000,0.200000,0.210000,0.210000,12700
2022-07-25,0.210000,0.210000,0.200000,0.200000,0.200000,200
2022-07-26,0.200000,0.200000,0.200000,0.200000,0.200000,0
2022-07-27,0.200000,0.200000,0.200000,0.200000,0.200000,0
2022-07-28,0.200000,0.200000,0.190000,0.200000,0.200000,35500
2022-07-29,0.210000,0.210000,0.200000,0.210000,0.210000,12100
2022-08-01,0.200000,0.200000,0.190000,0.200000,0.200000,10300
2022-08-02,0.190000,0.190000,0.190000,0.190000,0.190000,22500
2022-08-03,0.200000,0.200000,0.190000,0.200000,0.200000,177500
2022-08-04,0.200000,0.200000,0.180000,0.190000,0.190000,137500
2022-08-05,0.190000,0.200000,0.180000,0.200000,0.200000,29700
2022-08-08,0.190000,0.200000,0.190000,0.200000,0.200000,10200
2022-08-09,0.210000,0.210000,0.190000,0.190000,0.190000,5000
2022-08-10,0.190000,0.190000,0.190000,0.190000,0.190000,25000
2022-08-11,0.190000,0.200000,0.190000,0.200000,0.200000,35000
2022-08-12,0.200000,0.200000,0.190000,0.190000,0.190000,34100
2022-08-15,0.190000,0.190000,0.190000,0.190000,0.190000,94800
2022-08-16,0.190000,0.190000,0.180000,0.180000,0.180000,131700
2022-08-17,0.180000,0.180000,0.180000,0.180000,0.180000,84600
2022-08-18,0.190000,0.210000,0.180000,0.180000,0.180000,125400
2022-08-19,0.180000,0.190000,0.170000,0.180000,0.180000,53900
2022-08-22,0.180000,0.180000,0.180000,0.180000,0.180000,56500
2022-08-23,0.180000,0.180000,0.170000,0.180000,0.180000,53400
2022-08-24,0.180000,0.190000,0.180000,0.180000,0.180000,33800
2022-08-25,0.180000,0.180000,0.180000,0.180000,0.180000,0
2022-08-26,0.180000,0.180000,0.180000,0.180000,0.180000,0
2022-08-29,0.200000,0.200000,0.190000,0.190000,0.190000,38400
2022-08-30,0.190000,0.190000,0.190000,0.190000,0.190000,16200
2022-08-31,0.200000,0.200000,0.200000,0.200000,0.200000,1100
2022-09-01,0.190000,0.200000,0.190000,0.200000,0.200000,37900
2022-09-02,0.200000,0.200000,0.200000,0.200000,0.200000,47000
2022-09-06,0.200000,0.200000,0.200000,0.200000,0.200000,1100
2022-09-07,0.200000,0.200000,0.200000,0.200000,0.200000,6000
2022-09-08,0.190000,0.190000,0.190000,0.190000,0.190000,11000
2022-09-09,0.190000,0.200000,0.190000,0.200000,0.200000,2800
2022-09-12,0.200000,0.200000,0.200000,0.200000,0.200000,0
2022-09-13,0.200000,0.200000,0.190000,0.200000,0.200000,7300
2022-09-14,0.190000,0.200000,0.190000,0.200000,0.200000,3500
2022-09-15,0.200000,0.200000,0.200000,0.200000,0.200000,0
2022-09-16,0.200000,0.200000,0.200000,0.200000,0.200000,200
2022-09-19,0.200000,0.200000,0.200000,0.200000,0.200000,300
2022-09-20,0.200000,0.200000,0.200000,0.200000,0.200000,5900
2022-09-21,0.200000,0.200000,0.190000,0.200000,0.200000,17900
2022-09-22,0.200000,0.200000,0.190000,0.190000,0.190000,7200
2022-09-23,0.190000,0.190000,0.190000,0.190000,0.190000,1000
2022-09-26,0.190000,0.190000,0.170000,0.180000,0.180000,94500
2022-09-27,0.180000,0.180000,0.180000,0.180000,0.180000,1000
2022-09-28,0.180000,0.180000,0.180000,0.180000,0.180000,500
2022-09-29,0.170000,0.180000,0.170000,0.170000,0.170000,32700
2022-09-30,0.180000,0.180000,0.180000,0.180000,0.180000,42600
2022-10-03,0.180000,0.180000,0.180000,0.180000,0.180000,17200
2022-10-04,0.180000,0.180000,0.180000,0.180000,0.180000,15100
2022-10-05,0.180000,0.190000,0.180000,0.190000,0.190000,100000
2022-10-06,0.180000,0.180000,0.180000,0.180000,0.180000,10000
2022-10-07,0.180000,0.180000,0.180000,0.180000,0.180000,0
2022-10-10,0.180000,0.180000,0.180000,0.180000,0.180000,7000
2022-10-11,0.180000,0.180000,0.180000,0.180000,0.180000,50000
2022-10-12,0.180000,0.180000,0.180000,0.180000,0.180000,0
2022-10-13,0.180000,0.180000,0.150000,0.160000,0.160000,107000
2022-10-14,0.160000,0.160000,0.160000,0.160000,0.160000,0
2022-10-17,0.150000,0.150000,0.130000,0.140000,0.140000,264100
2022-10-18,0.140000,0.150000,0.140000,0.150000,0.150000,739200
2022-10-19,0.140000,0.180000,0.140000,0.180000,0.180000,22400
2022-10-20,0.140000,0.170000,0.140000,0.170000,0.170000,58200
2022-10-21,0.150000,0.160000,0.150000,0.150000,0.150000,17500
2022-10-24,0.150000,0.150000,0.150000,0.150000,0.150000,200
2022-10-25,0.150000,0.150000,0.150000,0.150000,0.150000,2700
2022-10-26,0.150000,0.150000,0.150000,0.150000,0.150000,0
2022-10-27,0.150000,0.180000,0.150000,0.180000,0.180000,5900
2022-10-28,0.170000,0.170000,0.160000,0.170000,0.170000,24300
2022-10-31,0.150000,0.150000,0.150000,0.150000,0.150000,1000
2022-11-01,0.160000,0.160000,0.160000,0.160000,0.160000,200
2022-11-02,0.150000,0.150000,0.150000,0.150000,0.150000,100
2022-11-03,0.180000,0.180000,0.170000,0.170000,0.170000,15000
2022-11-04,0.160000,0.170000,0.160000,0.170000,0.170000,14300
2022-11-07,0.170000,0.170000,0.170000,0.170000,0.170000,0
2022-11-08,0.170000,0.180000,0.160000,0.170000,0.170000,231100
2022-11-09,0.170000,0.170000,0.170000,0.170000,0.170000,0
2022-11-10,0.180000,0.190000,0.180000,0.190000,0.190000,276900
2022-11-11,0.180000,0.190000,0.170000,0.180000,0.180000,86100
2022-11-14,0.170000,0.170000,0.170000,0.170000,0.170000,100
2022-11-15,0.180000,0.180000,0.180000,0.180000,0.180000,300
2022-11-16,0.180000,0.190000,0.180000,0.190000,0.190000,92700
2022-11-17,0.180000,0.180000,0.170000,0.180000,0.180000,26300
2022-11-18,0.180000,0.180000,0.180000,0.180000,0.180000,0
2022-11-21,0.180000,0.180000,0.180000,0.180000,0.180000,0
2022-11-22,0.170000,0.170000,0.170000,0.170000,0.170000,5300
2022-11-23,0.170000,0.170000,0.170000,0.170000,0.170000,3000
2022-11-25,0.170000,0.170000,0.170000,0.170000,0.170000,0
2022-11-28,0.180000,0.180000,0.180000,0.180000,0.180000,1000
2022-11-29,0.180000,0.180000,0.180000,0.180000,0.180000,0
2022-11-30,0.170000,0.180000,0.170000,0.180000,0.180000,27300
2022-12-01,0.170000,0.170000,0.170000,0.170000,0.170000,2500
2022-12-02,0.180000,0.180000,0.180000,0.180000,0.180000,4500
2022-12-05,0.180000,0.180000,0.180000,0.180000,0.180000,11200
2022-12-06,0.180000,0.180000,0.170000,0.170000,0.170000,50000
2022-12-07,0.180000,0.180000,0.170000,0.180000,0.180000,47200
2022-12-08,0.180000,0.180000,0.180000,0.180000,0.180000,36300
2022-12-09,0.180000,0.180000,0.180000,0.180000,0.180000,300
2022-12-12,0.180000,0.180000,0.180000,0.180000,0.180000,18800
2022-12-13,0.200000,0.220000,0.200000,0.200000,0.200000,47100
2022-12-14,0.180000,0.190000,0.180000,0.180000,0.180000,30400
2022-12-15,0.180000,0.180000,0.180000,0.180000,0.180000,8000
2022-12-16,0.180000,0.180000,0.180000,0.180000,0.180000,15700
2022-12-19,0.180000,0.180000,0.180000,0.180000,0.180000,0
2022-12-20,0.180000,0.180000,0.160000,0.160000,0.160000,189400
2022-12-21,0.200000,0.300000,0.190000,0.230000,0.230000,6125700
2022-12-22,0.230000,0.230000,0.210000,0.220000,0.220000,48600
2022-12-23,0.220000,0.220000,0.210000,0.210000,0.210000,12600
2022-12-27,0.210000,0.220000,0.210000,0.210000,0.210000,4900
2022-12-28,0.210000,0.210000,0.190000,0.190000,0.190000,11000
2022-12-29,0.210000,0.210000,0.190000,0.200000,0.200000,73700
2022-12-30,0.200000,0.210000,0.190000,0.210000,0.210000,82900
2023-01-03,0.210000,0.220000,0.200000,0.220000,0.220000,109300
2023-01-04,0.220000,0.220000,0.220000,0.220000,0.220000,500
2023-01-05,0.200000,0.220000,0.200000,0.220000,0.220000,71700
2023-01-06,0.220000,0.230000,0.190000,0.230000,0.230000,258700
2023-01-09,0.240000,0.240000,0.210000,0.230000,0.230000,38700
2023-01-10,0.230000,0.230000,0.210000,0.230000,0.230000,4300
2023-01-11,0.240000,0.240000,0.220000,0.220000,0.220000,41600
2023-01-12,0.220000,0.270000,0.220000,0.270000,0.270000,112800
2023-01-13,0.270000,0.280000,0.240000,0.270000,0.270000,72000
2023-01-17,0.260000,0.270000,0.220000,0.260000,0.260000,68900
2023-01-18,0.260000,0.270000,0.220000,0.240000,0.240000,87100
2023-01-19,0.240000,0.280000,0.230000,0.280000,0.280000,19400
2023-01-20,0.280000,0.280000,0.240000,0.240000,0.240000,71100
2023-01-23,0.240000,0.270000,0.220000,0.270000,0.270000,90200
2023-01-24,0.220000,0.260000,0.220000,0.250000,0.250000,19400
2023-01-25,0.230000,0.280000,0.220000,0.250000,0.250000,92600
2023-01-26,0.240000,0.240000,0.240000,0.240000,0.240000,37600
2023-01-27,0.240000,0.250000,0.240000,0.250000,0.250000,3500
2023-01-30,0.260000,0.260000,0.240000,0.250000,0.250000,9900
2023-01-31,0.240000,0.260000,0.240000,0.260000,0.260000,41900
2023-02-01,0.250000,0.260000,0.250000,0.260000,0.260000,11000
2023-02-02,0.250000,0.260000,0.250000,0.260000,0.260000,17000
2023-02-03,0.260000,0.260000,0.260000,0.260000,0.260000,1000
2023-02-06,0.250000,0.250000,0.250000,0.250000,0.250000,38400
2023-02-07,0.250000,0.250000,0.250000,0.250000,0.250000,4800
2023-02-08,0.250000,0.250000,0.240000,0.240000,0.240000,5400
2023-02-09,0.250000,0.260000,0.240000,0.250000,0.250000,126400
2023-02-10,0.260000,0.260000,0.260000,0.260000,0.260000,100
2023-02-13,0.250000,0.250000,0.250000,0.250000,0.250000,800
2023-02-14,0.250000,0.250000,0.250000,0.250000,0.250000,40000
2023-02-15,0.260000,0.260000,0.240000,0.260000,0.260000,12900
2023-02-16,0.260000,0.260000,0.240000,0.240000,0.240000,405400
2023-02-17,0.250000,0.250000,0.250000,0.250000,0.250000,9500
2023-02-21,0.250000,0.270000,0.250000,0.270000,0.270000,700
2023-02-22,0.250000,0.260000,0.250000,0.250000,0.250000,1400
2023-02-23,0.250000,0.260000,0.250000,0.260000,0.260000,3200
2023-02-24,0.260000,0.260000,0.250000,0.260000,0.260000,16100
2023-02-27,0.250000,0.250000,0.240000,0.250000,0.250000,12900
2023-02-28,0.250000,0.250000,0.250000,0.250000,0.250000,1100
2023-03-01,0.250000,0.250000,0.250000,0.250000,0.250000,0
2023-03-02,0.250000,0.250000,0.250000,0.250000,0.250000,500
2023-03-03,0.240000,0.260000,0.240000,0.260000,0.260000,40500
2023-03-06,0.260000,0.260000,0.250000,0.250000,0.250000,3100
2023-03-07,0.250000,0.250000,0.250000,0.250000,0.250000,41000
2023-03-08,0.250000,0.270000,0.250000,0.270000,0.270000,6000
2023-03-09,0.260000,0.270000,0.260000,0.270000,0.270000,1000
2023-03-10,0.260000,0.260000,0.250000,0.250000,0.250000,1800
2023-03-13,0.240000,0.250000,0.240000,0.250000,0.250000,32700
2023-03-14,0.260000,0.260000,0.250000,0.250000,0.250000,3800
2023-03-15,0.250000,0.250000,0.250000,0.250000,0.250000,0
2023-03-16,0.290000,0.290000,0.270000,0.270000,0.270000,200
2023-03-17,0.250000,0.250000,0.250000,0.250000,0.250000,6200
2023-03-20,0.250000,0.250000,0.250000,0.250000,0.250000,3700
2023-03-21,0.290000,0.290000,0.290000,0.290000,0.290000,100
2023-03-22,0.250000,0.270000,0.250000,0.260000,0.260000,90000
2023-03-23,0.270000,0.270000,0.270000,0.270000,0.270000,2000
2023-03-24,0.290000,0.290000,0.290000,0.290000,0.290000,100
2023-03-27,0.290000,0.290000,0.250000,0.250000,0.250000,15100
2023-03-28,0.250000,0.250000,0.250000,0.250000,0.250000,900
2023-03-29,0.250000,0.250000,0.250000,0.250000,0.250000,0
2023-03-30,0.270000,0.280000,0.270000,0.280000,0.280000,10100
2023-03-31,0.280000,0.280000,0.280000,0.280000,0.280000,500
2023-04-03,0.280000,0.280000,0.280000,0.280000,0.280000,300
2023-04-04,0.280000,0.280000,0.250000,0.280000,0.280000,1700
2023-04-05,0.280000,0.280000,0.270000,0.270000,0.270000,9300
2023-04-06,0.250000,0.270000,0.250000,0.260000,0.260000,13800
2023-04-10,0.260000,0.260000,0.260000,0.260000,0.260000,8000
2023-04-11,0.260000,0.260000,0.250000,0.250000,0.250000,52600
2023-04-12,0.260000,0.260000,0.250000,0.250000,0.250000,8400
2023-04-13,0.260000,0.260000,0.260000,0.260000,0.260000,100
2023-04-14,0.260000,0.260000,0.260000,0.260000,0.260000,0
2023-04-17,0.270000,0.270000,0.270000,0.270000,0.270000,900
2023-04-18,0.270000,0.270000,0.270000,0.270000,0.270000,12300
2023-04-19,0.270000,0.280000,0.270000,0.280000,0.280000,2200
2023-04-20,0.270000,0.270000,0.250000,0.250000,0.250000,9200
2023-04-21,0.280000,0.280000,0.280000,0.280000,0.280000,100
2023-04-24,0.280000,0.280000,0.260000,0.270000,0.270000,25900
2023-04-25,0.260000,0.260000,0.260000,0.260000,0.260000,700
2023-04-26,0.250000,0.270000,0.250000,0.270000,0.270000,52000
2023-04-27,0.260000,0.260000,0.250000,0.250000,0.250000,77300
2023-04-28,0.250000,0.260000,0.250000,0.250000,0.250000,18000
2023-05-01,0.250000,0.260000,0.250000,0.260000,0.260000,21200
2023-05-02,0.250000,0.250000,0.250000,0.250000,0.250000,16000
2023-05-03,0.250000,0.250000,0.250000,0.250000,0.250000,0
2023-05-04,0.280000,0.280000,0.280000,0.280000,0.280000,100
2023-05-05,0.250000,0.280000,0.250000,0.280000,0.280000,8100
2023-05-08,0.260000,0.270000,0.260000,0.270000,0.270000,7100
2023-05-09,0.260000,0.260000,0.260000,0.260000,0.260000,3000
2023-05-10,0.270000,0.280000,0.250000,0.270000,0.270000,20200
2023-05-11,0.260000,0.270000,0.250000,0.270000,0.270000,64300
2023-05-12,0.250000,0.280000,0.250000,0.280000,0.280000,52700
2023-05-15,0.260000,0.280000,0.250000,0.280000,0.280000,19300
2023-05-16,0.250000,0.280000,0.250000,0.280000,0.280000,11300
2023-05-17,0.260000,0.260000,0.260000,0.260000,0.260000,10000
2023-05-18,0.250000,0.250000,0.250000,0.250000,0.250000,172700
2023-05-19,0.250000,0.280000,0.250000,0.280000,0.280000,1094600
2023-05-22,0.280000,0.280000,0.250000,0.250000,0.250000,15900
2023-05-23,0.250000,0.280000,0.250000,0.280000,0.280000,27300
2023-05-24,0.240000,0.260000,0.240000,0.250000,0.250000,141800
2023-05-25,0.250000,0.250000,0.250000,0.250000,0.250000,19000
2023-05-26,0.260000,0.280000,0.250000,0.250000,0.250000,44200
2023-05-30,0.250000,0.250000,0.250000,0.250000,0.250000,25200
2023-05-31,0.250000,0.270000,0.250000,0.270000,0.270000,17500
2023-06-01,0.250000,0.270000,0.250000,0.260000,0.260000,17700
2023-06-02,0.250000,0.270000,0.250000,0.270000,0.270000,12500
2023-06-05,0.260000,0.260000,0.250000,0.250000,0.250000,12100
2023-06-06,0.260000,0.260000,0.250000,0.260000,0.260000,11300
2023-06-07,0.260000,0.270000,0.260000,0.270000,0.270000,8500
2023-06-08,0.260000,0.270000,0.260000,0.270000,0.270000,14000
2023-06-09,0.260000,0.260000,0.250000,0.250000,0.250000,17800
2023-06-12,0.250000,0.250000,0.250000,0.250000,0.250000,0
2023-06-13,0.250000,0.250000,0.250000,0.250000,0.250000,0
2023-06-14,0.270000,0.280000,0.250000,0.280000,0.280000,64600
2023-06-15,0.270000,0.270000,0.270000,0.270000,0.270000,900
2023-06-16,0.270000,0.270000,0.250000,0.270000,0.270000,25800
2023-06-20,0.270000,0.270000,0.270000,0.270000,0.270000,0
2023-06-21,0.260000,0.280000,0.260000,0.280000,0.280000,139500
2023-06-22,0.280000,0.280000,0.280000,0.280000,0.280000,100
2023-06-23,0.270000,0.280000,0.260000,0.280000,0.280000,134200
2023-06-26,0.280000,0.280000,0.280000,0.280000,0.280000,0
2023-06-27,0.290000,0.320000,0.280000,0.320000,0.320000,471000
2023-06-28,0.320000,0.340000,0.320000,0.340000,0.340000,167200
2023-06-29,0.330000,0.330000,0.330000,0.330000,0.330000,3100
2023-06-30,0.320000,0.350000,0.300000,0.300000,0.300000,18500
2023-07-03,0.350000,0.350000,0.330000,0.340000,0.340000,2100
2023-07-05,0.300000,0.300000,0.300000,0.300000,0.300000,1200
2023-07-06,0.310000,0.330000,0.310000,0.330000,0.330000,11400
2023-07-07,0.300000,0.340000,0.300000,0.300000,0.300000,5800
2023-07-10,0.300000,0.340000,0.300000,0.320000,0.320000,61200
2023-07-11,0.310000,0.310000,0.310000,0.310000,0.310000,1100
2023-07-12,0.310000,0.310000,0.300000,0.300000,0.300000,15000
2023-07-13,0.300000,0.300000,0.300000,0.300000,0.300000,200
2023-07-14,0.300000,0.310000,0.300000,0.310000,0.310000,31900
2023-07-17,0.310000,0.310000,0.300000,0.310000,0.310000,24400
2023-07-18,0.310000,0.310000,0.310000,0.310000,0.310000,5200
2023-07-19,0.310000,0.310000,0.300000,0.300000,0.300000,3700
2023-07-20,0.330000,0.330000,0.300000,0.300000,0.300000,5100
2023-07-21,0.330000,0.330000,0.300000,0.320000,0.320000,111600
2023-07-24,0.340000,0.340000,0.300000,0.300000,0.300000,13700
2023-07-25,0.300000,0.300000,0.300000,0.300000,0.300000,1000
2023-07-26,0.320000,0.340000,0.320000,0.340000,0.340000,19100
2023-07-27,0.310000,0.340000,0.310000,0.340000,0.340000,258100
2023-07-28,0.330000,0.330000,0.320000,0.330000,0.330000,300
2023-07-31,0.310000,0.330000,0.310000,0.330000,0.330000,2600
2023-08-01,0.320000,0.330000,0.320000,0.330000,0.330000,300
2023-08-02,0.330000,0.330000,0.310000,0.330000,0.330000,27600
2023-08-03,0.320000,0.320000,0.320000,0.320000,0.320000,4400
2023-08-04,0.330000,0.330000,0.310000,0.310000,0.310000,1900
2023-08-07,0.310000,0.310000,0.310000,0.310000,0.310000,3400
2023-08-08,0.310000,0.310000,0.300000,0.310000,0.310000,345900
2023-08-09,0.310000,0.320000,0.300000,0.310000,0.310000,107900
2023-08-10,0.310000,0.310000,0.310000,0.310000,0.310000,40000
2023-08-11,0.320000,0.320000,0.300000,0.300000,0.300000,9500
2023-08-14,0.310000,0.320000,0.310000,0.320000,0.320000,4100
2023-08-15,0.320000,0.320000,0.320000,0.320000,0.320000,0
2023-08-16,0.300000,0.320000,0.300000,0.300000,0.300000,8500
2023-08-17,0.310000,0.310000,0.300000,0.300000,0.300000,14500
2023-08-18,0.300000,0.300000,0.300000,0.300000,0.300000,2000
2023-08-21,0.300000,0.300000,0.300000,0.300000,0.300000,27200
2023-08-22,0.320000,0.330000,0.300000,0.300000,0.300000,15100
2023-08-23,0.330000,0.330000,0.300000,0.310000,0.310000,79200
2023-08-24,0.320000,0.320000,0.280000,0.280000,0.280000,16300
2023-08-25,0.280000,0.310000,0.280000,0.310000,0.310000,1500
2023-08-28,0.300000,0.310000,0.280000,0.310000,0.310000,19500
2023-08-29,0.310000,0.310000,0.310000,0.310000,0.310000,700
2023-08-30,0.280000,0.310000,0.280000,0.310000,0.310000,500
2023-08-31,0.310000,0.310000,0.310000,0.310000,0.310000,0
2023-09-01,0.310000,0.310000,0.310000,0.310000,0.310000,851100
2023-09-05,0.300000,0.300000,0.280000,0.300000,0.300000,5600
2023-09-06,0.290000,0.290000,0.290000,0.290000,0.290000,10300
2023-09-07,0.300000,0.300000,0.300000,0.300000,0.300000,3400
2023-09-08,0.280000,0.300000,0.280000,0.290000,0.290000,17900
2023-09-11,0.300000,0.300000,0.300000,0.300000,0.300000,700
2023-09-12,0.290000,0.290000,0.290000,0.290000,0.290000,9200
2023-09-13,0.290000,0.290000,0.280000,0.290000,0.290000,62400
2023-09-14,0.280000,0.300000,0.280000,0.300000,0.300000,6600
2023-09-15,0.300000,0.300000,0.300000,0.300000,0.300000,0
2023-09-18,0.300000,0.300000,0.300000,0.300000,0.300000,100
2023-09-19,0.300000,0.300000,0.300000,0.300000,0.300000,2000
2023-09-20,0.280000,0.280000,0.280000,0.280000,0.280000,1000
2023-09-21,0.280000,0.280000,0.280000,0.280000,0.280000,7900
2023-09-22,0.280000,0.280000,0.280000,0.280000,0.280000,19500
2023-09-25,0.290000,0.290000,0.290000,0.290000,0.290000,20100
2023-09-26,0.300000,0.300000,0.260000,0.280000,0.280000,50900
2023-09-27,0.260000,0.260000,0.260000,0.260000,0.260000,200
2023-09-28,0.260000,0.280000,0.260000,0.280000,0.280000,150100
2023-09-29,0.280000,0.280000,0.280000,0.280000,0.280000,7100
2023-10-02,0.300000,0.300000,0.270000,0.270000,0.270000,1200
2023-10-03,0.270000,0.280000,0.270000,0.280000,0.280000,87100
2023-10-04,0.280000,0.280000,0.280000,0.280000,0.280000,0
2023-10-05,0.280000,0.280000,0.280000,0.280000,0.280000,49900
2023-10-06,0.290000,0.300000,0.280000,0.300000,0.300000,96400
2023-10-09,0.270000,0.300000,0.270000,0.270000,0.270000,8600
2023-10-10,0.290000,0.290000,0.270000,0.290000,0.290000,41700
2023-10-11,0.290000,0.290000,0.280000,0.280000,0.280000,31600
2023-10-12,0.280000,0.280000,0.280000,0.280000,0.280000,100
2023-10-13,0.280000,0.280000,0.280000,0.280000,0.280000,20500
2023-10-16,0.280000,0.280000,0.270000,0.280000,0.280000,20900
2023-10-17,0.270000,0.270000,0.270000,0.270000,0.270000,26000
2023-10-18,0.250000,0.250000,0.250000,0.250000,0.250000,11600
2023-10-19,0.270000,0.270000,0.250000,0.260000,0.260000,28500
2023-10-20,0.250000,0.250000,0.250000,0.250000,0.250000,800
2023-10-23,0.280000,0.280000,0.270000,0.280000,0.280000,10600
2023-10-24,0.260000,0.270000,0.250000,0.270000,0.270000,37900
2023-10-25,0.270000,0.280000,0.260000,0.260000,0.260000,12400
2023-10-26,0.280000,0.280000,0.260000,0.260000,0.260000,5100
2023-10-27,0.280000,0.280000,0.280000,0.280000,0.280000,100
2023-10-30,0.260000,0.270000,0.250000,0.250000,0.250000,13300
2023-10-31,0.250000,0.260000,0.230000,0.260000,0.260000,63700
2023-11-01,0.260000,0.260000,0.260000,0.260000,0.260000,0
2023-11-02,0.260000,0.260000,0.250000,0.260000,0.260000,12100
2023-11-03,0.260000,0.260000,0.250000,0.250000,0.250000,9000
2023-11-06,0.250000,0.260000,0.250000,0.250000,0.250000,23000
2023-11-07,0.250000,0.250000,0.250000,0.250000,0.250000,0
2023-11-08,0.270000,0.270000,0.270000,0.270000,0.270000,100
2023-11-09,0.270000,0.270000,0.270000,0.270000,0.270000,100
2023-11-10,0.270000,0.270000,0.240000,0.260000,0.260000,18800
2023-11-13,0.240000,0.270000,0.240000,0.270000,0.270000,3100
2023-11-14,0.270000,0.270000,0.270000,0.270000,0.270000,100
2023-11-15,0.270000,0.270000,0.240000,0.250000,0.250000,7600
2023-11-16,0.270000,0.270000,0.270000,0.270000,0.270000,100
2023-11-17,0.250000,0.270000,0.250000,0.260000,0.260000,77900
2023-11-20,0.270000,0.270000,0.250000,0.250000,0.250000,8800
2023-11-21,0.250000,0.250000,0.240000,0.240000,0.240000,32000
2023-11-22,0.240000,0.240000,0.240000,0.240000,0.240000,3600
2023-11-24,0.270000,0.270000,0.270000,0.270000,0.270000,100
2023-11-27,0.270000,0.270000,0.270000,0.270000,0.270000,100
2023-11-28,0.250000,0.250000,0.240000,0.240000,0.240000,2000
2023-11-29,0.240000,0.240000,0.240000,0.240000,0.240000,0
2023-11-30,0.270000,0.270000,0.270000,0.270000,0.270000,100
2023-12-01,0.270000,0.270000,0.270000,0.270000,0.270000,200